{"transforms":[{"weight":0.7620647312042018,"color":0.9718097844189266,"affine":{"a":0.624868419471361,"b":-0.36307791706645826,"c":0.5783219566927866,"d":0.11596411643283817,"e":-0.36858971542461777,"f":0.971502810512614},"post":{"a":1.0,"b":0.0,"c":0.0,"d":0.0,"e":1.0,"f":0.0},"variations":[0.3746847923627843,0.0,0.0,0.0,0.0,0.0,0.0,0.0,0.0,0.0,0.0,0.0,0.0,0.0,0.0,0.2114521838697953,0.0,0.0,0.0,0.0,0.0,0.0,0.0,0.0,0.7326612202995917,0.0,0.0,0.0,0.0,0.0,0.0,0.0,0.0,0.0,0.0,0.0,0.0,0.0,0.0,0.0,0.0,0.0,0.0,0.0,0.0,0.0,0.0,0.0,0.0],"pvals":[-2.0062765132093165,1.0,-2.0,1.0,0.53435806206663,1.1617151962499213,4.0,0.2683961203287786,0.7371575825738701,-0.4810559605631748,0.27100120735737376,0.9322042807997968,-0.9635864107995828,-2.495398093241917,-2.21065056058456,1.7666917327622516,0.31732038718319633,2.8385691137250264,0.04995042188949772,7.0,-2.773270179385891,0.8219089712607508,2.221105978971664,5.0,1.8341277770503812,1.1018086937578133,0.8843003113251546,1.0284595236008798],"color_speed":0.5,"xaos":[1.0,1.0,1.0]},{"weight":0.6008594237545841,"color":0.14496533183018467,"affine":{"a":0.3455922121537656,"b":-0.2889257834156884,"c":0.6876642721288371,"d":0.36058888119486,"e":-0.03513697010778561,"f":-0.4398163089408338},"post":{"a":1.0,"b":0.0,"c":0.0,"d":0.0,"e":1.0,"f":0.0},"variations":[0.261225701138979,0.0,0.0,0.0,0.0,0.0,0.0,0.0,0.0,0.0,0.0,0.0,0.0,0.0,0.15383236247004894,0.0,0.0,0.0,0.0,0.0,0.0,0.0,0.0,0.0,0.6564987931749733,0.0,0.0,0.0,0.0,0.0,0.0,0.0,0.0,0.0,0.0,0.0,0.0,0.0,0.0,0.0,0.0,0.0,0.0,0.0,0.0,0.0,0.0,0.0,0.0],"pvals":[3.0,1.0,5.0,1.0,0.7837759694510458,1.3861748166780299,6.0,0.7088032663804389,0.3743933402580282,0.8071210199732066,-0.12808861642310543,0.9325681805340047,2.3539789522121595,1.53331096149493,-1.1991255070415885,-0.6587755914406657,0.851234390380764,2.9245062736004037,-0.016401049091835818,5.0,0.008481223936151139,0.3219053243377494,3.039382636383214,4.0,2.840525828827685,1.575991118904915,0.34019962802638665,0.4771806907657277],"color_speed":0.5,"xaos":[1.0,1.0,1.0]},{"weight":2.169469758609937,"color":0.942293835581503,"affine":{"a":-0.6475127677316793,"b":-0.9268587500074048,"c":-0.08291411118996775,"d":0.7524359373085338,"e":-0.6074160140420667,"f":0.017737605116573074},"post":{"a":0.901226717726385,"b":0.11334990863889452,"c":-0.09869680531288916,"d":-0.09038340640256462,"e":1.0055994547592921,"f":-0.05248276559705238},"variations":[1.0,0.0,0.0,0.0,0.0,0.0,0.0,0.0,0.0,0.0,0.0,0.0,0.0,0.0,0.0,0.0,0.0,0.0,0.0,0.0,0.0,0.0,0.0,0.0,0.0,0.0,0.0,0.0,0.0,0.0,0.0,0.0,0.0,0.0,0.0,0.0,0.0,0.0,0.0,0.0,0.0,0.0,0.0,0.0,0.0,0.0,0.0,0.0,0.0],"pvals":[5.0,1.2312389218813684,-3.0,0.6911292718607419,0.4965926004308053,1.5563129983810486,5.0,0.5615922732412544,0.07068500960774282,-0.7224161992009135,-0.3695597346507149,0.6332820193942433,-0.2624032153321987,1.4660003473360943,1.5421089463525393,-2.4940366545069037,0.28703875912106036,1.7035701764630855,0.627410668083938,8.0,1.4633520739524837,0.7570708442813333,3.483768412538475,4.0,1.0227873612766851,2.4692608171950003,0.8256397898091123,0.5788525744089854],"color_speed":0.05516144696593711,"xaos":[1.0,1.0,1.0]}],"final_transform":null,"palette":{"stops":[{"pos":0.0,"rgb":[0.23137254901960785,0.6666666666666666,0.20392156862745098]},{"pos":0.06666666666666667,"rgb":[0.12156862745098039,0.30196078431372547,0.2]},{"pos":0.13333333333333333,"rgb":[0.8117647058823529,0.7725490196078432,0.611764705882353]},{"pos":0.2,"rgb":[0.2549019607843137,0.6078431372549019,0.21568627450980393]},{"pos":0.26666666666666666,"rgb":[0.19607843137254902,0.6352941176470588,0.36470588235294116]},{"pos":0.3333333333333333,"rgb":[0.03529411764705882,0.27450980392156865,0.24313725490196078]},{"pos":0.4,"rgb":[0.0784313725490196,0.4627450980392157,0.12156862745098039]},{"pos":0.4666666666666667,"rgb":[0.11372549019607843,0.43137254901960786,0.30196078431372547]},{"pos":0.5333333333333333,"rgb":[0.0,0.12156862745098039,0.0]},{"pos":0.6,"rgb":[0.9686274509803922,0.8980392156862745,0.47843137254901963]},{"pos":0.6666666666666666,"rgb":[0.19607843137254902,0.3137254901960784,0.3137254901960784]},{"pos":0.7333333333333333,"rgb":[0.20392156862745098,0.6078431372549019,0.25098039215686274]},{"pos":0.8,"rgb":[0.0,0.33725490196078434,0.23921568627450981]},{"pos":0.8666666666666667,"rgb":[0.9058823529411765,0.6039215686274509,0.24313725490196078]},{"pos":0.9333333333333333,"rgb":[0.26666666666666666,0.6784313725490196,0.21568627450980393]},{"pos":1.0,"rgb":[0.16470588235294117,0.592156862745098,0.23529411764705882]}]},"camera":{"center_x":-0.1494868937840469,"center_y":-0.10506249118258182,"scale":0.25785439753093564,"rotate":0.0},"brightness":1.0,"gamma":4.0,"vibrancy":1.0,"background":[0.0,0.0,0.0]}