{"transforms":[{"weight":0.24923612393725458,"color":0.4498999282582652,"affine":{"a":0.3831473147611916,"b":-0.1453256901395015,"c":-0.535278305274671,"d":-0.02542185716985516,"e":-0.166687154881714,"f":0.9814224135266829},"post":{"a":1.0,"b":0.0,"c":0.0,"d":0.0,"e":1.0,"f":0.0},"variations":[0.3792590820323134,0.0,0.0,0.0,0.0,0.0,0.0,0.0,0.0,0.0,0.0,0.0,0.0,0.0,0.0,0.0,0.0,0.7955893778636067,0.0,0.0,0.0,0.0,0.0,0.0,0.0,0.0,0.0,0.0,0.0,0.0,0.0,0.0,0.0,0.0,0.0,0.0,0.0,0.0,0.0,0.0,0.0,0.0,0.0,0.0,0.0,0.0,0.0,0.0,0.0],"pvals":[-5.0,1.0,5.0,1.0,0.40327237926435444,0.9792692349895009,3.0,-0.6870153571835973,-0.47134602821677607,0.12836241829741035,-0.7524183172111267,1.1756081845671713,1.5248692048502805,1.0448116268389755,-0.9618031613670968,-1.2302034486933429,1.1641010129819411,2.2306960058677685,0.8244387693743016,6.0,2.345921496374216,0.4245033992604939,1.5704589708359875,8.0,1.6316410435203772,1.9999101348666024,0.7327912053656775,0.8151635973414959],"color_speed":0.5,"xaos":[1.0,1.0,1.0,1.0,1.0,1.0]},{"weight":0.7078990290612863,"color":0.07561528863412081,"affine":{"a":-0.4730291951991906,"b":0.3209101777245553,"c":0.8472239577366072,"d":0.2791048823299357,"e":-0.33407530174784156,"f":0.6438255434110931},"post":{"a":1.0,"b":0.0,"c":0.0,"d":0.0,"e":1.0,"f":0.0},"variations":[0.42907011874884105,0.0,0.0,0.7322002153114683,0.0,0.0,0.0,0.0,0.0,0.0,0.0,0.0,0.0,0.0,0.0,0.0,0.0,0.0,0.0,0.0,0.0,0.0,0.0,0.0,0.0,0.0,0.194938395644159,0.0,0.0,0.0,0.0,0.0,0.0,0.0,0.0,0.0,0.0,0.0,0.0,0.0,0.0,0.0,0.0,0.0,0.0,0.0,0.0,0.0,0.0],"pvals":[5.0,1.6507249203997696,5.0,1.0,0.3541011659590921,1.3722955162448929,4.0,-0.5026459594421384,-0.11765304660942577,-0.26103266062869324,0.8903409185500082,1.09523273466976,1.7363303718395091,-0.7763135726192194,-0.04461038632388625,2.266569236948887,1.067604741226495,2.2926168013149173,0.8051989183323136,8.0,2.473074322113704,0.6490547307674159,2.387800164883676,8.0,2.526824739521289,1.3339293626594573,0.9321710661622344,0.9220209835692126],"color_speed":0.5,"xaos":[1.0,1.0,1.0,1.0,1.0,1.0]},{"weight":0.9192049296708502,"color":0.8265032054531055,"affine":{"a":-0.10837938973067326,"b":-0.5872426586819345,"c":0.7376981330899816,"d":-0.01076865032892041,"e":0.6171603394417542,"f":-0.0851074395828095},"post":{"a":1.0694735109492663,"b":0.01153639703914583,"c":0.02398762467594706,"d":-0.10968678745168067,"e":0.8649547552164307,"f":-0.06534863143614075},"variations":[0.21522035646649385,0.0,0.0,0.0,0.0,0.0,0.0,0.0,0.0,0.0,0.0,0.288139224458764,0.0,0.0,0.0,0.0,0.0,0.0,0.0,0.0,0.0,0.0,0.0,0.0,0.0,0.0,0.8604541053819907,0.0,0.0,0.0,0.0,0.0,0.0,0.0,0.0,0.0,0.0,0.0,0.0,0.0,0.0,0.0,0.0,0.0,0.0,0.0,0.0,0.0,0.0],"pvals":[-2.0,1.757692077722343,-4.0,1.0,0.7098737814818974,1.1749368382014997,7.0,0.03286198084728498,0.2984640437938435,0.6663054904123016,0.9263782288927955,1.0953350763996843,-1.6436595852163105,-1.8467539799788035,2.0129779671410315,-1.3876532374000994,0.8268239594892746,2.337520519564536,0.3961124749094127,6.0,-2.9973496427029866,0.3461784171968905,1.8091453413803802,6.0,2.481663037312301,1.7096346722629232,1.1084299582676476,1.0287352683119546],"color_speed":0.5,"xaos":[1.0,1.0,1.0,1.0,1.0,1.0]},{"weight":0.21690858846397526,"color":0.933936776506735,"affine":{"a":-0.17524615100743754,"b":-0.37836167932588977,"c":0.12869195053423188,"d":-0.2855447278713598,"e":0.2849839920733933,"f":0.6441055601800221},"post":{"a":1.0,"b":0.0,"c":0.0,"d":0.0,"e":1.0,"f":0.0},"variations":[0.3212753619328951,0.0,0.0,0.0,0.0,0.0,0.0,0.0,0.7866404725430154,0.0,0.0,0.0,0.0,0.0,0.0,0.0,0.0,0.0,0.0,0.0,0.0,0.0,0.0,0.0,0.0,0.0,0.0,0.0,0.0,0.0,0.0,0.0,0.0,0.0,0.0,0.0,0.0,0.0,0.0,0.0,0.0,0.0,0.0,0.0,0.0,0.0,0.0,0.0,0.0],"pvals":[-3.0,1.0,-3.0,1.0,0.7934004338388598,1.069991561516483,8.0,0.5635431938952176,-0.5919813837977895,-0.5856993166514763,-0.3646462910398489,0.3676176826565384,-0.34318432877696603,1.2049671153348518,1.342788681929144,1.473608952954108,0.5765081752859775,1.7983602076905147,-0.665869221294533,6.0,-2.2875269535512825,0.6136776389682148,1.9161883620792408,7.0,2.3729662856989973,1.7518254056055131,0.8966135370218264,0.5662627143461736],"color_speed":0.5,"xaos":[1.0,1.0,1.0,1.0,1.0,1.0]},{"weight":1.2808889046603622,"color":0.9371218478216291,"affine":{"a":-1.0,"b":-1.2246467991473532e-16,"c":0.0,"d":1.2246467991473532e-16,"e":-1.0,"f":0.0},"post":{"a":1.0,"b":0.0,"c":0.0,"d":0.0,"e":1.0,"f":0.0},"variations":[1.0,0.0,0.0,0.0,0.0,0.0,0.0,0.0,0.0,0.0,0.0,0.0,0.0,0.0,0.0,0.0,0.0,0.0,0.0,0.0,0.0,0.0,0.0,0.0,0.0,0.0,0.0,0.0,0.0,0.0,0.0,0.0,0.0,0.0,0.0,0.0,0.0,0.0,0.0,0.0,0.0,0.0,0.0,0.0,0.0,0.0,0.0,0.0,0.0],"pvals":[-4.0,1.5318387106798912,5.0,1.94993657326635,0.5877313577369153,1.398740345662819,2.0,0.441743867790759,-0.013852759171505413,-0.3210561327282806,-0.15015278255788989,0.649941898425447,-1.6294764927504173,-1.3683022330595795,0.1956623168196625,-1.3086950049106134,0.9656686384773163,1.6655496752853587,-0.03277585543649364,6.0,2.7055212339420294,0.6580798149989553,1.7604357609584977,5.0,1.8073354614664974,1.0026586849184387,0.4345116023971088,0.5429021829101117],"color_speed":0.0,"xaos":[1.0,1.0,1.0,1.0,1.0,1.0]},{"weight":0.8511238330520757,"color":0.8619392989079403,"affine":{"a":-0.21994612592271506,"b":-0.6353799569231283,"c":0.6608261857042441,"d":0.12892023954743204,"e":0.7129837934758506,"f":-0.21195647019843022},"post":{"a":1.0,"b":0.0,"c":0.0,"d":0.0,"e":1.0,"f":0.0},"variations":[0.21522035646649385,0.0,0.0,0.0,0.0,0.0,0.0,0.0,0.0,0.0,0.0,0.288139224458764,0.0,0.0,0.0,0.0,0.0,0.0,0.0,0.0,0.0,0.0,0.0,0.0,0.0,0.0,0.8604541053819907,0.0,0.0,0.0,0.0,0.0,0.0,0.0,0.0,0.0,0.0,0.0,0.0,0.0,0.0,0.0,0.0,0.0,0.0,0.0,0.0,0.0,0.0],"pvals":[2.0,0.5040932341157418,-3.0,1.342198907406097,0.6601372328151345,1.5059871362686628,7.0,0.36280927481589353,-0.23787750251915285,-0.35330145550262193,-0.2661314114000932,0.5483591029963405,0.5172703330189172,2.1152470644298695,-1.9381645610328768,1.441310634868384,0.8333466381160377,2.68568726302586,0.05177254932049968,7.0,0.44791589804368837,0.6239796980346238,3.1608945229622174,8.0,1.795133461412219,1.9813417561200863,0.9123370036226792,1.0220382256994947],"color_speed":0.5,"xaos":[1.0,1.0,1.0,1.0,1.0,1.0]}],"final_transform":null,"palette":{"stops":[{"pos":0.0,"rgb":[0.7152063843081646,0.12675602994579865,0.40186082527232414]},{"pos":0.14285714285714285,"rgb":[0.45135177132601706,0.06561332079318216,0.7091959853688833]},{"pos":0.2857142857142857,"rgb":[0.16268433928697718,0.2828910799934039,0.7871146670139899]},{"pos":0.42857142857142855,"rgb":[0.05112726564990866,0.6266032825939954,0.5811126690580739]},{"pos":0.5714285714285714,"rgb":[0.19471484274108572,0.8563228752545231,0.23528860940309324]},{"pos":0.7142857142857143,"rgb":[0.4930074068094938,0.8113607572097283,0.0]},{"pos":0.8571428571428571,"rgb":[0.7373489902470558,0.5231679781216934,0.0203848688298518]},{"pos":1.0,"rgb":[0.7568223941008607,0.19333569520238353,0.30163058429532846]}]},"camera":{"center_x":0.30569015740144767,"center_y":0.049143772448495104,"scale":0.2666041998981135,"rotate":0.0},"brightness":1.0,"gamma":4.0,"vibrancy":1.0,"background":[0.0,0.0,0.0]}