{"transforms":[{"weight":0.9888304932272423,"color":0.1053617926957311,"affine":{"a":-0.7503336076808036,"b":0.030702836419527417,"c":-0.3215516236188176,"d":0.7219684092366365,"e":-0.4778225584802959,"f":0.6199591832077405},"post":{"a":1.0,"b":0.0,"c":0.0,"d":0.0,"e":1.0,"f":0.0},"variations":[0.3060071169860721,0.0,0.0,0.0,0.0,0.0,0.0,0.0,0.0,0.0,0.0,0.0,0.0,0.7771827240230567,0.0,0.0,0.0,0.0,0.0,0.0,0.0,0.0,0.0,0.0,0.0,0.0,0.0,0.0,0.0,0.0,0.0,0.0,0.0,0.0,0.0,0.0,0.0,0.0,0.0,0.0,0.0,0.0,0.0,0.0,0.0,0.0,0.0,0.0,0.0],"pvals":[2.0,1.0,2.0,1.1318380586806176,0.7041575653462209,1.270896279283388,6.0,0.05838211117913128,-0.6933448251833717,0.9125272432953597,-0.32744093404213404,0.8860626803238556,1.6991410539656249,0.7259777914190302,-1.4095237436970693,0.040738512865401866,0.3942856613152468,1.677944995210554,0.09018744249313326,5.0,-1.7844687417468057,0.4356553655539254,2.2582126351891154,8.0,2.365722289662453,2.591857585935297,0.5054247512685055,1.091958067551951],"color_speed":0.5,"xaos":[1.0,1.0,1.0]},{"weight":0.22330088259157135,"color":0.8037171596803256,"affine":{"a":0.44201364025922074,"b":-0.42068680555916604,"c":0.08819911481002163,"d":0.4276461051035853,"e":0.06227032986112993,"f":-0.4475626630294758},"post":{"a":1.0,"b":0.0,"c":0.0,"d":0.0,"e":1.0,"f":0.0},"variations":[0.33332684652363276,0.0,0.0,0.0,0.0,0.0,0.0,0.0,0.0,0.0,0.0,0.0,0.0,0.0,0.0,0.0,0.0,0.0,1.0775847483920993,0.0,0.0,0.0,0.0,0.0,0.0,0.0,0.0,0.0,0.0,0.0,0.0,0.0,0.0,0.0,0.0,0.0,0.0,0.0,0.0,0.0,0.0,0.0,0.0,0.0,0.0,0.0,0.0,0.0,0.0],"pvals":[-4.0,1.3118019869748179,-5.0,1.0241324138293681,0.4031848162670012,1.011280980636636,6.0,-0.7984885129882748,0.44046590609400416,0.7967880009115926,-0.10761623712885049,0.35073323346420016,-2.4396697230607076,-0.3529010453043897,-0.7182334233692711,-0.2662717040025919,1.0536985195457707,2.5579710370618467,-0.5354465641198247,6.0,1.1248767885362572,0.42554419097980184,2.6001920320605567,5.0,2.930924980423697,2.334457711412904,0.9862386411817641,0.5923787466601647],"color_speed":0.5,"xaos":[1.0,1.0,1.0]},{"weight":0.769885598542448,"color":0.5832256576325584,"affine":{"a":-0.20108733860020842,"b":0.049819095022458744,"c":-0.05716365585337724,"d":0.35067500501020993,"e":-0.3924922505603271,"f":0.3558052192082162},"post":{"a":1.0,"b":0.0,"c":0.0,"d":0.0,"e":1.0,"f":0.0},"variations":[0.3560774664638102,0.0,0.0,0.0,0.0,0.0,0.0,0.0,0.8865398464155667,0.0,0.0,0.0,0.0,0.0,0.0,0.0,0.0,0.0,0.0,0.0,0.0,0.0,0.0,0.0,0.0,0.0,0.0,0.0,0.0,0.0,0.0,0.0,0.0,0.0,0.0,0.0,0.0,0.0,0.0,0.0,0.0,0.0,0.0,0.0,0.0,0.0,0.0,0.0,0.0],"pvals":[2.0,1.0,-5.0,1.0,0.7800167806681899,1.5630646764657692,5.0,0.6686847213443718,-0.7075424017511276,0.4596638616728539,-0.3981331484671631,0.5148804380118526,-1.150062357785791,2.1397100784345104,0.25785326157187516,-1.4821931283063856,0.43354065916915985,2.050412015561312,0.8215294576443981,5.0,0.9171083467418857,0.4491920627878241,2.475958049621834,4.0,2.8846813798083892,1.4631498994931909,0.8346121006796294,0.20458393953727122],"color_speed":0.5,"xaos":[1.0,1.0,1.0]}],"final_transform":null,"palette":{"stops":[{"pos":0.0,"rgb":[0.3900122855923146,0.6713053411717179,0.17915803141652803]},{"pos":0.14285714285714285,"rgb":[0.7858648582938573,0.7334816972858205,0.1380845430802634]},{"pos":0.2857142857142857,"rgb":[0.7641017744840043,0.34072895489449556,0.46173531064701057]},{"pos":0.42857142857142855,"rgb":[0.35459502936315357,0.03213928210055744,0.7058674933580552]},{"pos":0.5714285714285714,"rgb":[0.11943332468241025,0.23128267041502332,0.5353854102003336]},{"pos":0.7142857142857143,"rgb":[0.3813994689314545,0.664815029823062,0.18429266169004235]},{"pos":0.8571428571428571,"rgb":[0.7809188966651351,0.7376701154577086,0.13449893443353467]},{"pos":1.0,"rgb":[0.7696114917198063,0.3498470824287069,0.4543510672617536]}]},"camera":{"center_x":-0.2031527199345003,"center_y":-0.055669947751250615,"scale":0.4772132790616131,"rotate":0.0},"brightness":1.0,"gamma":4.0,"vibrancy":1.0,"background":[0.0,0.0,0.0]}