{"transforms":[{"weight":0.7013258123931538,"color":0.0023072121681768643,"affine":{"a":-0.21070111750561946,"b":-0.1467812259290706,"c":-0.8213091852872647,"d":-0.684243998709665,"e":0.22326128672922532,"f":-0.6843173933435931},"post":{"a":1.0,"b":0.0,"c":0.0,"d":0.0,"e":1.0,"f":0.0},"variations":[0.37258226668788097,0.0,0.0,0.0,0.0,0.0,0.0,0.0,0.0,0.0,0.0,0.0,0.0,0.0,0.0,0.0,0.0,0.0,0.0,0.0,0.0,0.0,0.0,0.0,0.0,0.0,0.0,0.0,0.0,0.0,0.0,0.0,0.0,0.0,0.0,0.0,0.0,0.0,0.0,0.0,0.0,0.8065572602200968,0.0,0.0,0.0,0.0,0.0,0.0,0.0],"pvals":[-2.0,1.5606976977289841,-4.0,1.0,0.6095843799981109,1.4645710393437894,3.0,0.15556746690856937,0.6602423288057242,-0.1133391620796198,0.30068520987826264,1.1073705418297015,-2.486756730732563,-2.262278423270694,1.3033691907094203,1.761860294442962,0.3215134197500849,2.938343263434678,-0.33774195496956017,8.0,-1.7553561696078717,0.8191373719917416,1.5686821765727097,5.0,2.280607146073682,2.5059368550088585,0.6550637080323587,0.8207305028846228],"color_speed":0.5,"xaos":[1.0,1.0,1.0,1.0]},{"weight":0.3859793033303051,"color":0.4348860976015593,"affine":{"a":-0.6153462359199129,"b":-0.20451006708494088,"c":-0.9601934596618207,"d":0.6813560887253348,"e":-0.667925094434868,"f":0.08310076093765995},"post":{"a":1.0,"b":0.0,"c":0.0,"d":0.0,"e":1.0,"f":0.0},"variations":[0.14385274264966774,0.0,0.0,0.7278448870215878,0.0,0.0,0.0,0.0,0.0,0.0,0.0,0.0,0.0,0.0,0.0,0.0,0.0,0.0,0.0,0.0,0.0,0.0,0.0,0.0,0.0,0.0,0.0,0.0,0.0,0.0,0.0,0.0,0.0,0.0,0.0,0.0,0.0,0.0,0.0,0.0,0.0,0.0,0.0,0.0,0.0,0.0,0.0,0.0,0.0],"pvals":[-5.0,1.0,3.0,1.0,0.5690070204897149,0.9386010807880627,2.0,0.7923963480616114,0.26466068034948376,0.6198478331902986,0.487740010143183,0.8960616458287791,0.19294011709853098,0.7426190963254617,-0.4166735523246361,2.045594148706126,0.3910552812899928,2.166783720951136,0.30766444372145085,6.0,-2.2737884873158194,0.8725224277541308,2.0832342564157904,8.0,1.1388793447593426,1.2774618913414733,0.8863191789802205,0.981400459554556],"color_speed":0.5,"xaos":[1.0,1.0,1.0,1.0]},{"weight":0.9373422840957375,"color":0.8829477514684291,"affine":{"a":-0.020396868733544623,"b":0.21284272119753472,"c":0.15605529668562368,"d":0.44805852626015275,"e":-0.057345127806947345,"f":-0.48319960293417785},"post":{"a":1.0,"b":0.0,"c":0.0,"d":0.0,"e":1.0,"f":0.0},"variations":[0.14503803956360764,0.0,0.0,0.0,0.0,0.0,0.0,0.0,0.0,0.0,0.0,0.0,0.0,0.0,0.0,0.0,0.0,0.0,0.0,0.0,0.0,0.0,0.6108150621106632,0.0,0.0,0.0,0.0,0.0,0.0,0.0,0.0,0.0,0.0,0.0,0.0,0.0,0.0,0.0,0.0,0.0,0.0,0.0,0.0,0.0,0.0,0.0,0.0,0.0,0.0],"pvals":[-5.0,1.0,-5.0,1.653814477546894,0.7205350976595053,1.1309893067392043,2.0,0.6376322796814975,0.39979531570181503,0.27081043784984704,0.3494758620326892,0.6930851283498847,-1.029489420845613,-2.2819300375187686,-0.39285399867560056,-1.4852962571318544,1.184581492585428,1.27379325308797,-0.5747928792534405,3.0,-1.7663774471103066,0.7863008944553498,4.438109206840242,3.0,1.681507430859554,1.0407888375296117,0.38983004033727114,0.9480580917475381],"color_speed":0.5,"xaos":[1.0,1.0,1.0,1.0]},{"weight":2.0246473998191963,"color":0.5577979721579914,"affine":{"a":-1.0,"b":0.0,"c":0.0,"d":0.0,"e":1.0,"f":0.0},"post":{"a":1.0,"b":0.0,"c":0.0,"d":0.0,"e":1.0,"f":0.0},"variations":[1.0,0.0,0.0,0.0,0.0,0.0,0.0,0.0,0.0,0.0,0.0,0.0,0.0,0.0,0.0,0.0,0.0,0.0,0.0,0.0,0.0,0.0,0.0,0.0,0.0,0.0,0.0,0.0,0.0,0.0,0.0,0.0,0.0,0.0,0.0,0.0,0.0,0.0,0.0,0.0,0.0,0.0,0.0,0.0,0.0,0.0,0.0,0.0,0.0],"pvals":[-4.0,1.0,-2.0,1.0,0.7043395143162627,1.4538033922522526,4.0,-0.7089014665425662,0.10599909362063242,-0.8809428341493426,-0.8001606404980708,0.6679039573723407,-2.031044781588229,-0.8503231309405757,-1.153906667968344,2.4801329568408255,1.090706239014459,1.3139418958007585,-0.4409489407401417,7.0,-0.2673821521759181,0.5677998377993376,2.197107992670758,5.0,2.7300334920030984,2.2398071618445257,0.7989592287235194,0.6660049664671777],"color_speed":0.0,"xaos":[1.0,1.0,1.0,1.0]}],"final_transform":null,"palette":{"stops":[{"pos":0.0,"rgb":[0.9254901960784314,0.4392156862745098,0.39215686274509803]},{"pos":0.06666666666666667,"rgb":[0.9333333333333333,0.3686274509803922,0.23529411764705882]},{"pos":0.13333333333333333,"rgb":[0.7294117647058823,0.25098039215686274,0.2196078431372549]},{"pos":0.2,"rgb":[0.7490196078431373,0.3058823529411765,0.2823529411764706]},{"pos":0.26666666666666666,"rgb":[0.42745098039215684,0.40784313725490196,0.47058823529411764]},{"pos":0.3333333333333333,"rgb":[0.49411764705882355,0.6509803921568628,0.27058823529411763]},{"pos":0.4,"rgb":[0.8196078431372549,0.4392156862745098,0.403921568627451]},{"pos":0.4666666666666667,"rgb":[0.6627450980392157,0.6509803921568628,0.3803921568627451]},{"pos":0.5333333333333333,"rgb":[0.8,0.39215686274509803,0.3568627450980392]},{"pos":0.6,"rgb":[0.7176470588235294,0.22745098039215686,0.19607843137254902]},{"pos":0.6666666666666666,"rgb":[0.8392156862745098,0.47058823529411764,0.47058823529411764]},{"pos":0.7333333333333333,"rgb":[0.49019607843137253,0.5176470588235295,0.21568627450980393]},{"pos":0.8,"rgb":[0.8588235294117647,0.7294117647058823,0.5529411764705883]},{"pos":0.8666666666666667,"rgb":[0.7333333333333333,0.25098039215686274,0.2196078431372549]},{"pos":0.9333333333333333,"rgb":[0.9215686274509803,0.48627450980392156,0.16862745098039217]},{"pos":1.0,"rgb":[0.8784313725490196,0.4392156862745098,0.396078431372549]}]},"camera":{"center_x":-0.4822474921027342,"center_y":0.030313427173894292,"scale":0.1063690609778121,"rotate":0.0},"brightness":1.0,"gamma":4.0,"vibrancy":1.0,"background":[0.0,0.0,0.0]}