{"transforms":[{"weight":0.5875088511437326,"color":0.6326342622825433,"affine":{"a":0.6256816305990976,"b":0.5524497068691301,"c":0.035931185093459606,"d":0.1486163410560807,"e":0.6299849480630271,"f":0.17644461863922611},"post":{"a":1.0,"b":0.0,"c":0.0,"d":0.0,"e":1.0,"f":0.0},"variations":[0.37791847830833936,0.0,0.0,0.0,0.0,0.0,0.0,0.0,0.0,0.0,0.0,0.0,0.0,0.0,0.0,0.0,0.0,0.0,0.0,0.0,0.0,0.0,1.0151250047076041,0.0,0.0,0.0,0.0,0.0,0.0,0.0,0.0,0.0,0.0,0.0,0.0,0.0,0.0,0.0,0.0,0.0,0.0,0.0,0.0,0.0,0.0,0.0,0.0,0.0,0.0],"pvals":[4.0,1.0,-4.0,1.0,0.401599714279064,1.0726011389024894,6.0,0.4295213339148545,0.5745073005388293,-0.47181229895972643,-0.5436888127828765,0.7486393119407773,-1.4231470155241766,0.678654626354493,1.5379191737178042,2.066005867999989,0.3659805216955283,1.435380691391756,-0.12043620608975569,4.0,-1.2368414120116358,0.8414732728302958,1.8324325251458227,7.0,1.9833961946573124,2.837697686767106,0.5045724637204898,0.22147724140716935],"color_speed":0.5100219419509395,"xaos":[1.0,1.0,2.610754471371374]},{"weight":0.37384069632965417,"color":0.44120666713159695,"affine":{"a":0.5026756361220908,"b":0.06899351505782703,"c":-0.5830923321816505,"d":0.5886135574293095,"e":-0.7174279669352536,"f":-0.8073440676872901},"post":{"a":0.9401241785667984,"b":0.026220684072406325,"c":0.055318218180428314,"d":-0.07549757331056847,"e":0.9715200330752741,"f":-0.0369059624048641},"variations":[0.28525898948243017,0.0,0.0,0.0,0.0,0.0,0.0,0.0,0.0,0.0,0.0,0.0,0.0,0.0,0.0,0.0,0.0,0.0,0.0,0.0,0.0,0.0,0.7693841894488749,0.0,0.0,0.0,0.0,0.0,0.0,0.0,0.0,0.0,0.0,0.0,0.0,0.0,0.0,0.0,0.0,0.0,0.0,0.0,0.0,0.0,0.0,0.0,0.0,0.0,0.0],"pvals":[2.0,1.6190040461594077,5.0,1.0,0.586467119075204,1.2754925681124638,8.0,0.4487115975979996,-0.06834056890342954,0.24964997458794635,0.17907031282348895,0.8185971985546723,-1.4162279453261395,1.1461594739408238,0.24541846256668265,1.618815914907917,0.9741156168562617,2.925502069326206,0.757936381911702,4.0,-2.332051502751454,0.5568637086016297,2.0409668342962135,8.0,1.0884493111341793,1.6839103499842822,0.7493476540786788,1.0965493468074374],"color_speed":0.5,"xaos":[1.0,0.0,1.0]},{"weight":0.9790910611375236,"color":0.9449158909421904,"affine":{"a":0.09931942443217293,"b":0.5686902392968239,"c":0.17644899348138554,"d":-0.42039056674625863,"e":0.6385997278162614,"f":-0.0771277762622612},"post":{"a":0.8294741702529675,"b":0.034300575669098304,"c":0.029472717435848075,"d":-0.023970387335994298,"e":0.8926508524822322,"f":0.26335995054324296},"variations":[0.15851163970479917,0.0,0.0,0.0,0.0,0.0,0.0,0.0,0.0,0.0,0.0,0.0,0.0,0.0,0.0,0.0,0.0,0.0,0.0,0.0,0.0,0.0,0.0,0.0,0.0,0.0,0.0,0.9013431163720833,0.0,0.0,0.0,0.0,0.0,0.0,0.0,0.0,0.0,0.0,0.0,0.0,0.0,0.0,0.0,0.0,0.0,0.0,0.0,0.0,0.0],"pvals":[2.0,1.1653713213311543,-3.0,1.0,0.31419281640389246,1.2877487996942738,4.0,0.08598806544245785,-0.6445227498290873,-0.35694675382790697,-0.4732640451326844,0.8692132800065115,-1.984523023250559,-1.8416414889306554,-1.7433680017225295,-1.374878892513809,0.25171615259012026,1.1341013387315193,-0.29041623201652667,7.0,1.2615569874817458,0.3540442682145708,2.7912810033900906,3.0,1.6599365804049626,1.5303088203488524,1.1742179456749589,1.1709949315508315],"color_speed":0.5,"xaos":[1.0,0.0,1.0]}],"final_transform":null,"palette":{"stops":[{"pos":0.0,"rgb":[0.023529411764705882,0.15294117647058825,0.25882352941176473]},{"pos":0.06666666666666667,"rgb":[0.796078431372549,0.5411764705882353,0.16470588235294117]},{"pos":0.13333333333333333,"rgb":[0.7372549019607844,0.6862745098039216,0.9294117647058824]},{"pos":0.2,"rgb":[0.403921568627451,0.28627450980392155,0.6235294117647059]},{"pos":0.26666666666666666,"rgb":[0.4470588235294118,0.4470588235294118,0.8745098039215686]},{"pos":0.3333333333333333,"rgb":[0.803921568627451,0.7803921568627451,0.984313725490196]},{"pos":0.4,"rgb":[0.48627450980392156,0.12156862745098039,0.0196078431372549]},{"pos":0.4666666666666667,"rgb":[0.9764705882352941,0.6470588235294118,0.011764705882352941]},{"pos":0.5333333333333333,"rgb":[0.23921568627450981,0.4588235294117647,0.7098039215686275]},{"pos":0.6,"rgb":[0.6313725490196078,0.5882352941176471,0.8509803921568627]},{"pos":0.6666666666666666,"rgb":[0.7176470588235294,0.7490196078431373,0.9411764705882353]},{"pos":0.7333333333333333,"rgb":[0.25098039215686274,0.4549019607843137,0.7058823529411765]},{"pos":0.8,"rgb":[0.5647058823529412,0.21568627450980393,0.11764705882352941]},{"pos":0.8666666666666667,"rgb":[0.6666666666666666,0.6274509803921569,0.8823529411764706]},{"pos":0.9333333333333333,"rgb":[0.12941176470588237,0.3137254901960784,0.7647058823529411]},{"pos":1.0,"rgb":[0.06666666666666667,0.23529411764705882,0.39215686274509803]}]},"camera":{"center_x":0.03293514412147813,"center_y":0.229629738009272,"scale":0.29509519409672813,"rotate":0.0},"brightness":1.0,"gamma":4.0,"vibrancy":1.0,"background":[0.0,0.0,0.0]}