{
  "transforms": [
    {
      "weight": 0.5639503259762317,
      "color": 0.5300789975015889,
      "affine": {
        "a": 0.41651312690514763,
        "b": 0.5978472203790876,
        "c": 0.04613435970196278,
        "d": -0.3398263763108505,
        "e": 0.46578949301059,
        "f": -0.19171566189954858
      },
      "post": {
        "a": 1.0,
        "b": 0.0,
        "c": 0.0,
        "d": 0.0,
        "e": 1.0,
        "f": 0.0
      },
      "variations": [
        0.2555257259695202,
        0.0,
        0.0,
        0.0,
        0.0,
        0.0,
        0.0,
        0.0,
        0.0,
        0.0,
        0.0,
        0.0,
        0.0,
        0.0,
        0.0,
        0.0,
        0.0,
        0.0,
        1.085501376793398,
        0.0,
        0.0,
        0.0,
        0.0,
        0.0,
        0.0,
        0.0,
        0.0,
        0.0,
        0.0,
        0.0,
        0.0,
        0.0,
        0.0,
        0.0,
        0.0,
        0.0,
        0.0,
        0.0,
        0.0,
        0.0,
        0.0,
        0.0,
        0.0,
        0.0,
        0.0,
        0.0,
        0.0,
        0.0,
        0.0
      ],
      "pvals": [
        5.0,
        1.0,
        -4.0,
        0.5989402897183647,
        0.3407073270017304,
        1.2471159661124431,
        2.0,
        -0.34094183228201747,
        -0.723358107449214,
        0.031039792822940893,
        0.42754160568652777,
        0.3393734481046728,
        2.4887394626832107,
        0.4892608652279371,
        0.43297571105099175,
        -0.5141537166763195,
        0.6828854026303353,
        1.506546295333379,
        0.059514776961797855,
        8.0,
        1.5597085707751148,
        0.7908200990300904,
        3.50572039681271,
        5.0,
        2.416358500966667,
        1.4727210697475392,
        0.856235529232191,
        1.068908942123903
      ],
      "color_speed": 0.5
    },
    {
      "weight": 0.6856397877642322,
      "color": 0.15547750116891224,
      "affine": {
        "a": 0.48292370186248673,
        "b": -0.23186474829385617,
        "c": -0.7368301165764939,
        "d": -0.20398231916343745,
        "e": 0.5150847691682021,
        "f": -0.21267568550618932
      },
      "post": {
        "a": 1.0,
        "b": 0.0,
        "c": 0.0,
        "d": 0.0,
        "e": 1.0,
        "f": 0.0
      },
      "variations": [
        0.15571276367782602,
        0.0,
        0.0,
        0.0,
        0.0,
        0.0,
        0.0,
        0.0,
        0.0,
        0.0,
        0.0,
        0.0,
        0.0,
        0.0,
        0.0,
        0.0,
        0.0,
        0.0,
        0.0,
        0.0,
        0.0,
        0.0,
        0.0,
        0.0,
        0.0,
        0.0,
        0.0,
        0.7622166150595657,
        0.0,
        0.0,
        0.0,
        0.0,
        0.0,
        0.0,
        0.0,
        0.0,
        0.0,
        0.0,
        0.0,
        0.0,
        0.0,
        0.0,
        0.0,
        0.0,
        0.0,
        0.0,
        0.0,
        0.0,
        0.0
      ],
      "pvals": [
        -4.0,
        1.0,
        2.0,
        1.0,
        0.6602035818865339,
        1.0959549356848926,
        5.0,
        -0.7647734130707047,
        0.10953190812851044,
        -0.7599668691062216,
        -0.6765672421880984,
        1.041002024812469,
        2.363440201894079,
        0.9554318506667019,
        0.32811839182987157,
        -0.1470556023905356,
        0.8863852757359052,
        2.7203102985364067,
        0.6115001750896452,
        8.0,
        0.9398694888840247,
        0.43246382560393015,
        2.7682034037364747,
        5.0,
        2.370139441644535,
        2.881678599482939,
        0.9505721003327101,
        0.3267501371899085
      ],
      "color_speed": 0.5
    },
    {
      "weight": 0.44694748953171404,
      "color": 0.7361298353208244,
      "affine": {
        "a": -0.4435542170161187,
        "b": 0.49822111314829565,
        "c": 0.193878086228235,
        "d": -0.4467413742589731,
        "e": 0.39158794074131953,
        "f": 0.68760895715068
      },
      "post": {
        "a": 1.0,
        "b": 0.0,
        "c": 0.0,
        "d": 0.0,
        "e": 1.0,
        "f": 0.0
      },
      "variations": [
        0.37314558700994116,
        0.0,
        0.0,
        0.9690441676544433,
        0.0,
        0.0,
        0.0,
        0.0,
        0.0,
        0.0,
        0.0,
        0.0,
        0.0,
        0.0,
        0.0,
        0.0,
        0.0,
        0.0,
        0.0,
        0.0,
        0.0,
        0.0,
        0.0,
        0.0,
        0.0,
        0.0,
        0.0,
        0.0,
        0.0,
        0.0,
        0.0,
        0.0,
        0.0,
        0.0,
        0.0,
        0.0,
        0.0,
        0.0,
        0.0,
        0.0,
        0.0,
        0.0,
        0.0,
        0.0,
        0.0,
        0.0,
        0.0,
        0.0,
        0.0
      ],
      "pvals": [
        -5.0,
        1.0,
        5.0,
        1.0,
        0.31465867390621843,
        1.4934636449411127,
        4.0,
        -0.18215106850215945,
        -0.5612481450228117,
        0.2726133484965354,
        0.19491707737250796,
        0.4664620930598571,
        -1.9992239580985287,
        2.4424074786624743,
        -0.4728018057057022,
        -0.13050266087230922,
        0.8188464332556546,
        2.387468694390913,
        0.4804049666217869,
        6.0,
        -0.14289026320788922,
        0.4301052344305327,
        2.090535166286892,
        6.0,
        1.790188446638153,
        1.4777945588116368,
        0.5225039250853953,
        0.4420936707289516
      ],
      "color_speed": 0.5
    }
  ],
  "final_transform": null,
  "palette": {
    "stops": [
      {
        "pos": 0.0,
        "rgb": [
          0.1302681011952941,
          0.4461198854784554,
          0.12980052374608927
        ]
      },
      {
        "pos": 0.14285714285714285,
        "rgb": [
          0.45388624081442186,
          0.6406495908931475,
          0.3056774091424267
        ]
      },
      {
        "pos": 0.2857142857142857,
        "rgb": [
          0.7241289884171203,
          0.724011376067736,
          0.5170024374131499
        ]
      },
      {
        "pos": 0.42857142857142855,
        "rgb": [
          0.7699839729623232,
          0.6434530518560352,
          0.6300469721175606
        ]
      },
      {
        "pos": 0.5714285714285714,
        "rgb": [
          0.562433691850275,
          0.44995274867134116,
          0.5732752770165622
        ]
      },
      {
        "pos": 0.7142857142857143,
        "rgb": [
          0.232818082963018,
          0.2659594348516647,
          0.38261306065688494
        ]
      },
      {
        "pos": 0.8571428571428571,
        "rgb": [
          0.0,
          0.2079059587569717,
          0.17871332104441418
        ]
      },
      {
        "pos": 1.0,
        "rgb": [
          0.0,
          0.31252915303938256,
          0.0906058961122963
        ]
      }
    ]
  },
  "camera": {
    "center_x": 0.20076643414089368,
    "center_y": 0.3869346110595123,
    "scale": 0.3755101093792159,
    "rotate": 0.0
  },
  "brightness": 1.0,
  "gamma": 4.0,
  "vibrancy": 1.0,
  "background": [
    0.0,
    0.0,
    0.0
  ]
}