{
  "transforms": [
    {
      "weight": 0.2715213433157147,
      "color": 0.8958447880131362,
      "affine": {
        "a": 0.5574151534958988,
        "b": 0.49799988424184805,
        "c": 0.6889895232678447,
        "d": 0.044080182241924726,
        "e": -0.5267978875196503,
        "f": -0.8149042650588709
      },
      "post": {
        "a": 1.0,
        "b": 0.0,
        "c": 0.0,
        "d": 0.0,
        "e": 1.0,
        "f": 0.0
      },
      "variations": [
        0.2514824883824758,
        0.0,
        0.0,
        0.0,
        0.0,
        0.0,
        0.0,
        0.0,
        0.0,
        0.0,
        0.0,
        0.0,
        0.0,
        0.0,
        0.0,
        0.0,
        0.0,
        0.0,
        0.0,
        0.0,
        0.0,
        0.0,
        0.7383365262746182,
        0.0,
        0.0,
        0.0,
        0.0,
        0.0,
        0.0,
        0.0,
        0.0,
        0.0,
        0.0,
        0.0,
        0.0,
        0.0,
        0.0,
        0.0,
        0.0,
        0.0,
        0.0,
        0.0,
        0.0,
        0.0,
        0.0,
        0.0,
        0.0,
        0.0,
        0.0
      ],
      "pvals": [
        -3.0,
        0.6992876330773324,
        -5.0,
        1.0,
        0.7423365900037202,
        1.4921466786175372,
        4.0,
        -0.5992104128122602,
        -0.17376575259427318,
        0.49780862872210374,
        0.44407225174776577,
        0.34660659966627416,
        1.670630260991989,
        0.8952558729618261,
        0.9406830990723374,
        -2.1859931145542943,
        0.52745551588483,
        2.2246069851686814,
        -0.7436454469296494,
        5.0,
        0.47309982004694184,
        0.8924020206844678,
        4.314949284978893,
        4.0,
        2.631553409456644,
        2.045322839333036,
        1.0316535963741722,
        0.32507371189147755
      ],
      "color_speed": 0.5
    },
    {
      "weight": 0.45567001889970743,
      "color": 0.29677061225676293,
      "affine": {
        "a": 0.35962919846258734,
        "b": -0.5062910296417278,
        "c": -0.9960923855756569,
        "d": 0.20846670259251326,
        "e": -0.3968503455752336,
        "f": 0.521407341388602
      },
      "post": {
        "a": 1.0,
        "b": 0.0,
        "c": 0.0,
        "d": 0.0,
        "e": 1.0,
        "f": 0.0
      },
      "variations": [
        0.30538956015109675,
        0.0,
        1.0586022979946192,
        0.0,
        0.0,
        0.0,
        0.0,
        0.0,
        0.0,
        0.0,
        0.0,
        0.0,
        0.0,
        0.0,
        0.0,
        0.0,
        0.0,
        0.0,
        0.0,
        0.0,
        0.0,
        0.0,
        0.0,
        0.0,
        0.0,
        0.0,
        0.0,
        0.0,
        0.0,
        0.0,
        0.0,
        0.0,
        0.0,
        0.0,
        0.0,
        0.0,
        0.0,
        0.0,
        0.0,
        0.0,
        0.0,
        0.0,
        0.0,
        0.0,
        0.0,
        0.0,
        0.0,
        0.0,
        0.0
      ],
      "pvals": [
        5.0,
        1.1653770118606237,
        -2.0,
        1.0,
        0.5067770436538266,
        1.5459748302080563,
        2.0,
        0.10376787161184708,
        -0.6382159121203875,
        0.9275461049297606,
        0.44840494452802093,
        0.43790048697033507,
        -2.1121884444075585,
        -1.2555954650607415,
        -0.06273325703476473,
        0.1628306467947036,
        1.1973941529490533,
        2.6597208069185707,
        -0.13028155642459072,
        4.0,
        0.950993438140439,
        0.322216664476371,
        1.8433473344202789,
        6.0,
        1.7828219207897102,
        1.0428906511561717,
        1.1038469931162616,
        0.40665941979917414
      ],
      "color_speed": 0.5
    },
    {
      "weight": 0.7846031065975847,
      "color": 0.757368492881503,
      "affine": {
        "a": -0.037457730278123574,
        "b": 0.29981853042335693,
        "c": -0.08355520466604238,
        "d": 0.48162694823721486,
        "e": -0.28675986076958887,
        "f": 0.559983999259315
      },
      "post": {
        "a": 1.0,
        "b": 0.0,
        "c": 0.0,
        "d": 0.0,
        "e": 1.0,
        "f": 0.0
      },
      "variations": [
        0.39894551524588395,
        0.0,
        0.0,
        0.6986221583284307,
        0.0,
        0.0,
        0.0,
        0.0,
        0.0,
        0.0,
        0.0,
        0.0,
        0.0,
        0.0,
        0.0,
        0.0,
        0.0,
        0.0,
        0.0,
        0.0,
        0.0,
        0.0,
        0.0,
        0.0,
        0.0,
        0.0,
        0.0,
        0.0,
        0.0,
        0.0,
        0.0,
        0.0,
        0.0,
        0.0,
        0.0,
        0.0,
        0.0,
        0.0,
        0.0,
        0.0,
        0.0,
        0.0,
        0.0,
        0.0,
        0.0,
        0.0,
        0.0,
        0.0,
        0.0
      ],
      "pvals": [
        4.0,
        1.0,
        -2.0,
        0.9277009531740557,
        0.5083350707115386,
        1.5753446637129551,
        3.0,
        -0.023315624410828795,
        0.7764201792184617,
        0.7352822267976804,
        0.2408444268841472,
        0.4390226161281239,
        2.0285943366599195,
        -1.918479674823027,
        -2.0679982638620547,
        -1.0745279472948588,
        0.5486006708093937,
        1.3038492616087458,
        0.1028503909870353,
        6.0,
        1.9791195932698482,
        0.4224934059285379,
        4.241549545593026,
        7.0,
        1.7837083540327485,
        2.6385940537248116,
        0.21320024505151797,
        0.7739385804977905
      ],
      "color_speed": 0.5
    }
  ],
  "final_transform": {
    "weight": 0.48152532015976174,
    "color": 0.6689337036398807,
    "affine": {
      "a": 0.06315684076601631,
      "b": -0.1631527421405537,
      "c": 0.7375360188229481,
      "d": 0.261400096332859,
      "e": 0.16477666267255317,
      "f": 0.820758996870945
    },
    "post": {
      "a": 1.0,
      "b": 0.0,
      "c": 0.0,
      "d": 0.0,
      "e": 1.0,
      "f": 0.0
    },
    "variations": [
      0.35037670984113256,
      0.0,
      0.0,
      0.0,
      0.0,
      0.0,
      0.0,
      0.0,
      0.0,
      0.0,
      0.0,
      0.0,
      0.0,
      0.0,
      0.0,
      0.0,
      0.0,
      0.0,
      0.0,
      0.0,
      0.0,
      0.0,
      1.0137989232146833,
      0.0,
      0.0,
      0.0,
      0.0,
      0.0,
      0.0,
      0.0,
      0.0,
      0.0,
      0.0,
      0.0,
      0.0,
      0.0,
      0.0,
      0.0,
      0.0,
      0.0,
      0.0,
      0.10751994901409508,
      0.0,
      0.0,
      0.0,
      0.0,
      0.0,
      0.0,
      0.0
    ],
    "pvals": [
      4.0,
      0.8183836751710687,
      4.0,
      1.0,
      0.7566104889715,
      1.017361267770058,
      6.0,
      0.5781306274380744,
      0.002716618779396107,
      0.18586208298073692,
      0.6749065151458586,
      0.6127226513342718,
      -0.8152528020832968,
      -2.3446660600164657,
      -0.6284433572301444,
      1.0258669648806356,
      1.1897802373641257,
      2.1608341614524527,
      -0.8215080147167022,
      7.0,
      1.2988838993102156,
      0.3034192534192543,
      1.5511295995452716,
      7.0,
      2.7352790268196516,
      1.8459018289774403,
      0.5496018695329767,
      0.919646526088757
    ],
    "color_speed": 0.5
  },
  "palette": {
    "stops": [
      {
        "pos": 0.0,
        "rgb": [
          0.15462660677719686,
          1.0,
          0.14692364791332058
        ]
      },
      {
        "pos": 0.14285714285714285,
        "rgb": [
          0.28013434411238025,
          0.6135190964070858,
          0.40352124305980486
        ]
      },
      {
        "pos": 0.2857142857142857,
        "rgb": [
          0.6103086724135988,
          0.15916608273302374,
          0.8952014716795159
        ]
      },
      {
        "pos": 0.42857142857142855,