{
  "transforms": [
    {
      "weight": 0.4002498977530416,
      "color": 0.7276159645838901,
      "affine": {
        "a": -0.32103674443953256,
        "b": -0.124347606117712,
        "c": 0.1115828405048731,
        "d": -0.25239323884162035,
        "e": 0.864002126823183,
        "f": -0.5932180396651305
      },
      "post": {
        "a": 1.0,
        "b": 0.0,
        "c": 0.0,
        "d": 0.0,
        "e": 1.0,
        "f": 0.0
      },
      "variations": [
        0.0,
        0.0,
        0.0,
        0.0,
        0.0,
        0.0,
        0.0,
        0.0,
        0.0,
        0.0,
        0.0,
        0.0,
        0.0,
        0.0,
        0.0,
        0.0,
        0.0,
        0.0,
        0.7912698594780634,
        0.0,
        0.0,
        1.2896331396853828
      ]
    },
    {
      "weight": 0.4645509158157215,
      "color": 0.9161947557847903,
      "affine": {
        "a": 0.48049030228639555,
        "b": 0.05047140358839575,
        "c": 0.23954277401629298,
        "d": -0.9766808757271064,
        "e": -0.39822935820008776,
        "f": 0.7342788179895532
      },
      "post": {
        "a": 1.0,
        "b": 0.0,
        "c": 0.0,
        "d": 0.0,
        "e": 1.0,
        "f": 0.0
      },
      "variations": [
        0.0,
        0.0,
        0.0,
        0.5048055593954307,
        0.0,
        0.0,
        0.0,
        0.0,
        0.0,
        0.0,
        0.0,
        0.0,
        0.0,
        0.0,
        0.0,
        0.0,
        0.5022604544484106,
        0.2385596056097608,
        0.0,
        0.0,
        0.0,
        0.0
      ]
    },
    {
      "weight": 0.4230489244457931,
      "color": 0.010709680040331682,
      "affine": {
        "a": 0.8041887255805928,
        "b": -0.553804300697476,
        "c": 0.5861535830246525,
        "d": -0.6623736300749707,
        "e": -0.9835621755585813,
        "f": 0.3562235855030038
      },
      "post": {
        "a": 1.0,
        "b": 0.0,
        "c": 0.0,
        "d": 0.0,
        "e": 1.0,
        "f": 0.0
      },
      "variations": [
        0.0,
        0.0,
        0.0,
        0.0,
        0.0,
        0.0,
        0.0,
        0.0,
        0.0,
        0.4790731647821768,
        0.0,
        0.0,
        0.0,
        0.0,
        0.0,
        0.0,
        0.0,
        0.4743226597777255,
        0.0,
        0.0,
        0.0,
        0.0
      ]
    }
  ],
  "final_transform": null,
  "palette": {
    "stops": [
      {
        "pos": 0.0,
        "rgb": [
          0.9796309661329877,
          0.850982575787973,
          0.17525998087038352
        ]
      },
      {
        "pos": 0.3333333333333333,
        "rgb": [
          0.5496295821282274,
          0.4711635903272432,
          0.7516132355242913
        ]
      },
      {
        "pos": 0.6666666666666666,
        "rgb": [
          0.31776912252551115,
          0.5946335358835769,
          0.5997066402233052
        ]
      },
      {
        "pos": 1.0,
        "rgb": [
          0.23136182938450878,
          0.5959855338311283,
          0.3560734722344495
        ]
      }
    ]
  },
  "camera": {
    "center_x": 0.0,
    "center_y": 0.0,
    "scale": 0.25,
    "rotate": 0.0
  },
  "brightness": 1.0,
  "gamma": 2.2,
  "vibrancy": 1.0,
  "background": [
    0.0,
    0.0,
    0.0
  ]
}