{
  "transforms": [
    {
      "weight": 0.9615665908895277,
      "color": 0.24558824005672608,
      "affine": {
        "a": 0.5254987599865545,
        "b": -0.29941845579664844,
        "c": 0.9144469328706606,
        "d": -0.6309710698131077,
        "e": -0.4612941457275009,
        "f": 0.8234008506443795
      },
      "post": {
        "a": 1.0,
        "b": 0.0,
        "c": 0.0,
        "d": 0.0,
        "e": 1.0,
        "f": 0.0
      },
      "variations": [
        0.2766149109237753,
        0.0,
        0.0,
        0.0,
        0.0,
        0.0,
        0.0,
        0.0,
        0.0,
        0.07512861976423206,
        0.0,
        0.0,
        0.0,
        0.9190211710091742,
        0.0,
        0.0,
        0.0,
        0.0,
        0.0,
        0.0,
        0.0,
        0.0,
        0.0,
        0.0,
        0.0,
        0.0,
        0.0,
        0.0,
        0.0,
        0.0,
        0.0,
        0.0,
        0.0,
        0.0,
        0.0,
        0.0,
        0.0,
        0.0,
        0.0,
        0.0,
        0.0,
        0.0,
        0.0,
        0.0,
        0.0,
        0.0,
        0.0,
        0.0,
        0.0
      ],
      "pvals": [
        -2.0,
        1.6822764969614812,
        3.0,
        1.1836218926570745,
        0.6274523853589078,
        1.5515911221588108,
        8.0,
        0.39677926681142717,
        -0.17859937077758692,
        0.818715149802776,
        0.2812704008110616,
        0.4821985078979484,
        0.3294068127746552,
        0.6316800856337106,
        -0.36997672894827716,
        2.1105094408749157,
        0.4171328929820647,
        1.540764840146431,
        0.06778174055684993,
        3.0,
        -0.3508382458752104,
        0.30549151149461923,
        4.367675270670526,
        7.0,
        2.2622811614914404,
        1.7203224478896233,
        1.059542981359448,
        0.869638111082123
      ],
      "color_speed": 0.5,
      "xaos": [
        1.0,
        1.0,
        1.0
      ]
    },
    {
      "weight": 0.9980197961721802,
      "color": 0.44645231114737316,
      "affine": {
        "a": 0.43654495909170465,
        "b": 0.7954961415788807,
        "c": -0.26507043851392975,
        "d": 0.567444250235004,
        "e": -0.6725740967124237,
        "f": -0.09801344443213056
      },
      "post": {
        "a": 1.0,
        "b": 0.0,
        "c": 0.0,
        "d": 0.0,
        "e": 1.0,
        "f": 0.0
      },
      "variations": [
        0.38174867298306137,
        0.0,
        0.0,
        0.0,
        0.0,
        0.0,
        0.0,
        0.0,
        0.0,
        0.0,
        0.0,
        0.0,
        0.0,
        0.0,
        0.0,
        0.0,
        0.0,
        0.7560348210113077,
        0.0,
        0.0,
        0.0,
        0.0,
        0.0,
        0.0,
        0.0,
        0.0,
        0.0,
        0.0,
        0.0,
        0.0,
        0.0,
        0.0,
        0.0,
        0.0,
        0.0,
        0.0,
        0.0,
        0.0,
        0.0,
        0.0,
        0.0,
        0.0,
        0.0,
        0.0,
        0.0,
        0.0,
        0.0,
        0.0,
        0.0
      ],
      "pvals": [
        -3.0,
        1.0,
        -5.0,
        1.0,
        0.48180050262364416,
        1.0801563834523364,
        4.0,
        0.798305237790129,
        0.798009455358998,
        0.1285076930502913,
        0.7480306779718682,
        0.5330899518049868,
        -0.11460181742343867,
        -1.2298988473071422,
        1.6344305119829983,
        -0.04159367625305599,
        0.612368100379215,
        2.0868445376952334,
        -0.08594381210985169,
        5.0,
        -1.239214739860057,
        0.566497868463606,
        3.3058791019788796,
        3.0,
        2.499513564289915,
        2.924015859747442,
        0.9782923746446099,
        0.4920061825189576
      ],
      "color_speed": 0.5,
      "xaos": [
        1.0,
        1.0,
        1.0
      ]
    },
    {
      "weight": 0.5245565404298713,
      "color": 0.5945672320234084,
      "affine": {
        "a": 0.37901882712196444,
        "b": -0.34256228768226465,
        "c": 0.8101170432357512,
        "d": -0.6808756090630486,
        "e": -0.29383401101248097,
        "f": -0.1465004147556448
      },
      "post": {
        "a": 1.0,
        "b": 0.0,
        "c": 0.0,
        "d": 0.0,
        "e": 1.0,
        "f": 0.0
      },
      "variations": [
        0.16349720823521963,
        0.0,
        0.0,
        0.0,
        0.0,
        0.0,
        0.0,
        0.0,
        0.0,
        0.0,
        0.0,
        0.0,
        0.0,
        0.0,
        0.0,
        0.0,
        0.0,
        0.0,
        0.0,
        0.0,
        0.0,
        0.0,
        0.0,
        0.0,
        0.0,
        0.0,
        0.0,
        0.0,
        0.0,
        0.0,
        0.0,
        0.0,
        0.0,
        0.0,
        0.0,
        0.0,
        0.0,
        0.0,
        0.0,
        0.0,
        0.0,
        0.6258112570904926,
        0.0,
        0.0,
        0.0,
        0.0,
        0.0,
        0.0,
        0.0
      ],
      "pvals": [
        4.0,
        1.0,
        -4.0,
        1.0,
        0.6944019028679955,
        1.190755702556845,
        8.0,
        0.26534272125726455,
        0.1494715439491454,
        0.1160143314234996,
        0.13260124617266356,
        0.6049679420073111,
        -0.47173340428874555,
        -2.3187035213641973,
        1.0371949266276048,
        1.6049068682555152,
        0.7230311451923939,
        1.0009634897711561,
        0.5754857750757147,
        8.0,
        -2.572522310031415,
        0.6966679360186552,
        2.2706754287408435,
        3.0,
        1.2350980523776278,
        2.2105529695732606,
        0.40208204250082885,
        1.082205106625896
      ],
      "color_speed": 0.5,
      "xaos": [
        1.0,
        1.0,
        1.0
      ]
    }
  ],
  "final_transform": null,
  "palette": {
    "stops": [
      {
        "pos": 0.0,
        "rgb": [
          0.5639715189971181,
          0.35127374137186346,
          0.12504618147012347
        ]
      },
      {
        "pos": 0.14285714285714285,
        "rgb": [
          0.23870149713437072,
          0.12439176746524461,
          0.1616831342841785
        ]
      },
      {
        "pos": 0.2857142857142857,
        "rgb": [
          0.0993853204346753,
          0.05324661074379233,
          0.33322190325791406
        ]
      },
      {
        "pos": 0.42857142857142855,
        "rgb": [
          0.22471199885246407,
          0.17802270691400446,
          0.542773410474402
        ]
      },
      {
        "pos": 0.5714285714285714,
        "rgb": [
          0.5438941157417067,
          0.4282436209616083,
          0.6719781012290341
        ]
      },
      {
        "pos": 0.7142857142857143,
        "rgb": [
          0.8766502036651103,
          0.662578773317648,
          0.6478581675041086
        ]
      },
      {
        "pos": 0.8571428571428571,
        "rgb": [
          1.0,
          0.7486702313052496,
          0.4840371076609977
        ]
      },
      {
        "pos": 1.0,
        "rgb": [
          0.9295815500060822,
          0.6378915413778108,
          0.27304485838126313
        ]
      }
    ]
  },
  "camera": {
    "center_x": 2.0604082407882016,
    "center_y": 0.685503747341766,
    "scale": 0.1164483542074552,
    "rotate": 0.0
  },
  "brightness": 1.0,
  "gamma": 4.0,
  "vibrancy": 1.0,
  "background": [
    0.0,
    0.0,
    0.0
  ]
}