{
  "transforms": [
    {
      "weight": 0.5639503259762317,
      "color": 0.5300789975015889,
      "affine": {
        "a": 0.41651312690514763,
        "b": 0.5978472203790876,
        "c": 0.04613435970196278,
        "d": -0.3398263763108505,
        "e": 0.46578949301059,
        "f": -0.19171566189954858
      },
      "post": {
        "a": 1.0,
        "b": 0.0,
        "c": 0.0,
        "d": 0.0,
        "e": 1.0,
        "f": 0.0
      },
      "variations": [
        0.2555257259695202,
        0.0,
        0.0,
        0.0,
        0.0,
        0.0,
        0.0,
        0.0,
        0.0,
        0.0,
        0.0,
        0.0,
        0.0,
        0.0,
        0.0,
        0.0,
        0.0,
        0.0,
        1.085501376793398,
        0.0,
        0.0,
        0.0,
        0.0,
        0.0,
        0.0,
        0.0,
        0.0,
        0.0,
        0.0
      ],
      "pvals": [
        5.0,
        1.0,
        -4.0,
        0.5989402897183647,
        0.3407073270017304,
        1.2471159661124431,
        2.0,
        -0.34094183228201747,
        -0.723358107449214,
        0.031039792822940893,
        0.42754160568652777,
        0.3393734481046728,
        2.4887394626832107,
        0.4892608652279371,
        0.43297571105099175,
        -0.5141537166763195
      ]
    },
    {
      "weight": 0.8951271536991225,
      "color": 0.8393313170115863,
      "affine": {
        "a": 0.40337953561054474,
        "b": 0.5168007531220329,
        "c": 0.33714693120847317,
        "d": 0.5879667738239236,
        "e": 0.33828887202454005,
        "f": -0.5272789302524608
      },
      "post": {
        "a": 1.0,
        "b": 0.0,
        "c": 0.0,
        "d": 0.0,
        "e": 1.0,
        "f": 0.0
      },
      "variations": [
        0.2854150859683146,
        0.0,
        0.0,
        0.0,
        0.0,
        0.0,
        0.0,
        0.0,
        0.0,
        0.0,
        0.0,
        0.0,
        0.0,
        0.0,
        0.0,
        0.0,
        0.0,
        0.0,
        0.0,
        0.0,
        0.0,
        0.0,
        0.0,
        0.0,
        0.7266365738333448,
        0.0,
        0.0,
        0.0,
        0.0
      ],
      "pvals": [
        4.0,
        1.8690352455186199,
        3.0,
        1.0,
        0.7700869587440089,
        1.1755635100728337,
        7.0,
        0.1712795755284644,
        -0.5512359981297404,
        0.9166642067720003,
        0.7512305464375528,
        0.7738103818908687,
        -2.158150009270413,
        1.2617571669083278,
        0.17033245560069332,
        1.1020358188653394
      ]
    },
    {
      "weight": 0.6991892914442948,
      "color": 0.8601551492682034,
      "affine": {
        "a": -0.561034560971005,
        "b": -0.49946599137245984,
        "c": 0.6466711662499312,
        "d": 0.6979102326449104,
        "e": 0.2821335037970379,
        "f": 0.13124735673194854
      },
      "post": {
        "a": 1.0,
        "b": 0.0,
        "c": 0.0,
        "d": 0.0,
        "e": 1.0,
        "f": 0.0
      },
      "variations": [
        0.10770581589078336,
        0.0,
        0.0,
        0.6187169821922237,
        0.0,
        0.0,
        0.0,
        0.0,
        0.0,
        0.0,
        0.0,
        0.0,
        0.0,
        0.0,
        0.0,
        0.0,
        0.0,
        0.0,
        0.0,
        0.0,
        0.0,
        0.0,
        0.0,
        0.0,
        0.0,
        0.0,
        0.0,
        0.0,
        0.0
      ],
      "pvals": [
        -3.0,
        1.0,
        5.0,
        1.5276045812334014,
        0.7704196498707347,
        1.4254004702328973,
        8.0,
        -0.5168478512359787,
        0.3809413364942187,
        0.5608319257710925,
        -0.22378403020240412,
        0.38712213826724184,
        2.2644533792609627,
        0.4846952155705875,
        -2.0304739961819074,
        1.7797973877224802
      ]
    }
  ],
  "final_transform": {
    "weight": 0.5089244657489203,
    "color": 0.1492199093607427,
    "affine": {
      "a": -0.030227836547504574,
      "b": -0.06957292792353813,
      "c": 0.9806021391428754,
      "d": 0.2564148762894625,
      "e": -0.8603173855581935,
      "f": 0.6956104141174644
    },
    "post": {
      "a": 1.0,
      "b": 0.0,
      "c": 0.0,
      "d": 0.0,
      "e": 1.0,
      "f": 0.0
    },
    "variations": [
      0.30610012042130796,
      0.0,
      0.9680649176604122,
      0.0,
      0.0,
      0.0,
      0.0,
      0.0,
      0.0,
      0.0,
      0.0,
      0.0,
      0.0,
      0.0,
      0.0,
      0.0,
      0.0,
      0.0,
      0.0,
      0.0,
      0.0,
      0.0,
      0.0,
      0.0,
      0.0,
      0.0,
      0.0,
      0.0,
      0.0
    ],
    "pvals": [
      -4.0,
      1.0,
      5.0,
      1.0,
      0.5369497339127691,
      1.2938113666172346,
      2.0,
      0.3843239732974295,
      0.7522057040460168,
      -0.04548338341847513,
      -0.5663158852315575,
      0.4771605498860675,
      -2.0308630206233986,
      -0.5245288834046176,
      -1.305513602970908,
      -0.8874803745730238
    ]
  },
  "palette": {
    "stops": [
      {
        "pos": 0.0,
        "rgb": [
          0.6731326211018733,
          0.7948667783477115,
          0.2957660063219266
        ]
      },
      {
        "pos": 0.14285714285714285,
        "rgb": [
          0.4977795161443618,
          0.489698734878571,
          0.24815072332684596
        ]
      },
      {
        "pos": 0.2857142857142857,
        "rgb": [
          0.24015673800284984,
          0.17543575274005851,
          0.4348698830629336
        ]
      },
      {
        "pos": 0.42857142857142855,
        "rgb": [
          0.1431646929068981,
          0.14838162375925906,
          0.6798747677967563
        ]
      },
      {
        "pos": 0.5714285714285714,
        "rgb": [
          0.2982526204183181,
          0.4340444142920653,
          0.7521617898044737
        ]
      },
      {
        "pos": 0.7142857142857143,
        "rgb": [
          0.5591954046308916,
          0.7630861086333058,
          0.5835749143694859
        ]
      },
      {
        "pos": 0.8571428571428571,
        "rgb": [
          0.6799623616697226,
          0.8252687619920583,
          0.33306678078689933
        ]
      },
      {
        "pos": 1.0,
        "rgb": [
          0.5466880052006543,
          0.5619632738274684,
          0.23682973140306973
        ]
      }
    ]
  },
  "camera": {
    "center_x": 0.9330387649303915,
    "center_y": 0.6318401569193699,
    "scale": 1.4070933113974566,
    "rotate": 0.0
  },
  "brightness": 1.0,
  "gamma": 4.0,
  "vibrancy": 1.0,
  "background": [
    0.0,
    0.0,
    0.0
  ]
}