{
  "transforms": [
    {
      "weight": 0.37472415496974754,
      "color": 0.8006318767135033,
      "affine": {
        "a": -0.3201379221659588,
        "b": 0.23696413271226957,
        "c": -0.590196336402449,
        "d": -0.014021628410615161,
        "e": 0.026792232644298863,
        "f": 0.04002659920648033
      },
      "post": {
        "a": 1.0,
        "b": 0.0,
        "c": 0.0,
        "d": 0.0,
        "e": 1.0,
        "f": 0.0
      },
      "variations": [
        0.0,
        0.0,
        1.369935034456136,
        0.0,
        0.0,
        0.0,
        0.0,
        0.0,
        0.0,
        0.0,
        0.0,
        0.0,
        0.0,
        0.0,
        0.0,
        0.0,
        0.0,
        0.0,
        0.0,
        0.0,
        0.0,
        0.0
      ]
    },
    {
      "weight": 0.2584430152827719,
      "color": 0.5998163039337572,
      "affine": {
        "a": 0.23963806979819524,
        "b": -0.8516783778728174,
        "c": -0.4448652400286557,
        "d": 0.4839586117416321,
        "e": 0.5709989189921998,
        "f": 0.8838546508009728
      },
      "post": {
        "a": 1.0,
        "b": 0.0,
        "c": 0.0,
        "d": 0.0,
        "e": 1.0,
        "f": 0.0
      },
      "variations": [
        0.0,
        0.0,
        0.0,
        0.0,
        0.0,
        0.0,
        0.0,
        0.0,
        0.0,
        0.27474212428253514,
        0.0,
        0.0,
        0.0,
        0.0,
        0.9658601901292674,
        0.0,
        0.2828593885434166,
        0.0,
        0.0,
        0.0,
        0.0,
        0.0
      ]
    },
    {
      "weight": 0.7176757004837013,
      "color": 0.7821562891438542,
      "affine": {
        "a": 0.2750583290065034,
        "b": -0.23995426283556465,
        "c": -0.8739500115852059,
        "d": -0.46789434317331424,
        "e": 0.5224102402973851,
        "f": -0.8160660655726428
      },
      "post": {
        "a": 1.0,
        "b": 0.0,
        "c": 0.0,
        "d": 0.0,
        "e": 1.0,
        "f": 0.0
      },
      "variations": [
        0.0,
        0.8724131856700217,
        0.0,
        0.0,
        0.0,
        0.0,
        0.0,
        0.0,
        0.0,
        0.0,
        0.0,
        0.0,
        0.0,
        0.0,
        0.0,
        0.0,
        0.0,
        0.0,
        0.0,
        0.0,
        0.0,
        0.0
      ]
    }
  ],
  "final_transform": null,
  "palette": {
    "stops": [
      {
        "pos": 0.0,
        "rgb": [
          0.2730644319655765,
          0.7747831222683482,
          0.6682946425855967
        ]
      },
      {
        "pos": 0.5,
        "rgb": [
          0.32139128933780203,
          0.08448177729996109,
          0.14250189976805827
        ]
      },
      {
        "pos": 1.0,
        "rgb": [
          0.5048711642726905,
          0.9693712379675522,
          0.3681666875762265
        ]
      }
    ]
  },
  "camera": {
    "center_x": 0.0,
    "center_y": 0.0,
    "scale": 0.25,
    "rotate": 0.0
  },
  "brightness": 1.0,
  "gamma": 2.2,
  "vibrancy": 1.0,
  "background": [
    0.0,
    0.0,
    0.0
  ]
}