{
  "transforms": [
    {
      "weight": 0.8080287816400709,
      "color": 0.8858080891921405,
      "affine": {
        "a": 0.624868419471361,
        "b": -0.36307791706645826,
        "c": 0.5783219566927866,
        "d": 0.11596411643283817,
        "e": -0.36858971542461777,
        "f": 0.971502810512614
      },
      "post": {
        "a": 1.0,
        "b": 0.0,
        "c": 0.0,
        "d": 0.0,
        "e": 1.0,
        "f": 0.0
      },
      "variations": [
        0.3746847923627843,
        0.0,
        0.0,
        0.0,
        0.0,
        0.0,
        0.0,
        0.0,
        0.0,
        0.0,
        0.0,
        0.0,
        0.0,
        0.0,
        0.0,
        0.2114521838697953,
        0.0,
        0.0,
        0.0,
        0.0,
        0.0,
        0.0,
        0.0,
        0.0,
        0.7326612202995917,
        0.0,
        0.0,
        0.0,
        0.0,
        0.0,
        0.0,
        0.0,
        0.0,
        0.0,
        0.0,
        0.0,
        0.0,
        0.0,
        0.0,
        0.0,
        0.0,
        0.0,
        0.0,
        0.0,
        0.0,
        0.0,
        0.0,
        0.0,
        0.0
      ],
      "pvals": [
        -2.0,
        1.0,
        -2.0,
        1.0,
        0.53435806206663,
        1.1617151962499213,
        4.0,
        0.2683961203287786,
        0.7371575825738701,
        -0.4810559605631748,
        0.27100120735737376,
        0.9322042807997968,
        -0.9635864107995828,
        -2.495398093241917,
        -2.21065056058456,
        1.7666917327622516,
        0.31732038718319633,
        2.8385691137250264,
        0.04995042188949772,
        7.0,
        -2.773270179385891,
        0.8219089712607508,
        2.221105978971664,
        5.0,
        1.8341277770503812,
        1.1018086937578133,
        0.8843003113251546,
        1.0284595236008798
      ],
      "color_speed": 0.5,
      "xaos": [
        1.0,
        1.0,
        1.0,
        1.0,
        1.0
      ]
    },
    {
      "weight": 0.6008594237545841,
      "color": 0.14496533183018467,
      "affine": {
        "a": 0.3455922121537656,
        "b": -0.2889257834156884,
        "c": 0.6876642721288371,
        "d": 0.36058888119486,
        "e": -0.03513697010778561,
        "f": -0.4398163089408338
      },
      "post": {
        "a": 1.0,
        "b": 0.0,
        "c": 0.0,
        "d": 0.0,
        "e": 1.0,
        "f": 0.0
      },
      "variations": [
        0.261225701138979,
        0.0,
        0.0,
        0.0,
        0.0,
        0.0,
        0.0,
        0.0,
        0.0,
        0.0,
        0.0,
        0.0,
        0.0,
        0.0,
        0.15383236247004894,
        0.0,
        0.0,
        0.0,
        0.0,
        0.0,
        0.0,
        0.0,
        0.0,
        0.0,
        0.6564987931749733,
        0.0,
        0.0,
        0.0,
        0.0,
        0.0,
        0.0,
        0.0,
        0.0,
        0.0,
        0.0,
        0.0,
        0.0,
        0.0,
        0.0,
        0.0,
        0.0,
        0.0,
        0.0,
        0.0,
        0.0,
        0.0,
        0.0,
        0.0,
        0.0
      ],
      "pvals": [
        3.0,
        1.0,
        5.0,
        1.0,
        0.7837759694510458,
        1.3861748166780299,
        6.0,
        0.7088032663804389,
        0.3743933402580282,
        0.8071210199732066,
        -0.12808861642310543,
        0.9325681805340047,
        2.3539789522121595,
        1.53331096149493,
        -1.1991255070415885,
        -0.6587755914406657,
        0.851234390380764,
        2.9245062736004037,
        -0.016401049091835818,
        5.0,
        0.008481223936151139,
        0.3219053243377494,
        3.039382636383214,
        4.0,
        2.840525828827685,
        1.575991118904915,
        0.34019962802638665,
        0.4771806907657277
      ],
      "color_speed": 0.5,
      "xaos": [
        1.0,
        1.0,
        1.0,
        1.0,
        1.0
      ]
    },
    {
      "weight": 0.7605815532152818,
      "color": 0.6021823216927044,
      "affine": {
        "a": -0.08421988302497252,
        "b": 0.5889484050445966,
        "c": 0.001609269675078684,
        "d": 0.32849663950594454,
        "e": -0.14321718508889172,
        "f": 0.8095233796334833
      },
      "post": {
        "a": 1.0,
        "b": 0.0,
        "c": 0.0,
        "d": 0.0,
        "e": 1.0,
        "f": 0.0
      },
      "variations": [
        0.42192025530488664,
        0.0,
        0.0,
        0.0,
        0.0,
        0.0,
        0.0,
        0.0,
        0.0,
        0.0,
        0.0,
        0.0,
        0.0,
        0.0,
        0.0,
        0.0,
        0.0,
        0.0,
        0.0,
        0.0,
        0.0,
        0.0,
        1.1531738408963412,
        0.0,
        0.0,
        0.0,
        0.0,
        0.0,
        0.0,
        0.0,
        0.0,
        0.0,
        0.0,
        0.0,
        0.0,
        0.0,
        0.0,
        0.0,
        0.0,
        0.0,
        0.0,
        0.0,
        0.0,
        0.0,
        0.0,
        0.0,
        0.0,
        0.0,
        0.0
      ],
      "pvals": [
        4.0,
        1.0,
        2.0,
        1.0,
        0.6104580522499126,
        1.3659722585178256,
        8.0,
        0.23459149124189516,
        0.4479833284291168,
        -0.0475257809270595,
        0.27098145878789204,
        0.45419290046478117,
        0.8907592246448761,
        -1.3403523436652753,
        1.0913484481910252,
        0.13732327558726176,
        0.8594460602483995,
        1.034018068209284,
        0.36626580619755544,
        8.0,
        2.0973626078915037,
        0.871802330426378,
        3.746497277314676,
        7.0,
        2.199655204006529,
        2.1479269747459346,
        0.3808840795336767,
        1.101408897743236
      ],
      "color_speed": 0.5,
      "xaos": [
        1.0,
        1.0,
        1.0,
        1.0,
        1.0
      ]
    },
    {
      "weight": 2.169469758609937,
      "color": 0.942293835581503,
      "affine": {
        "a": -0.4999999999999998,
        "b": -0.8660254037844387,
        "c": 0.0,
        "d": 0.8660254037844387,
        "e": -0.4999999999999998,
        "f": 0.0
      },
      "post": {
        "a": 1.0,
        "b": 0.0,
        "c": 0.0,
        "d": 0.0,
        "e": 1.0,
        "f": 0.0
      },
      "variations": [
        1.0,
        0.0,
        0.0,
        0.0,
        0.0,
        0.0,
        0.0,
        0.0,
        0.0,
        0.0,
        0.0,
        0.0,
        0.0,
        0.0,
        0.0,
        0.0,
        0.0,
        0.0,
        0.0,
        0.0,
        0.0,
        0.0,
        0.0,
        0.0,
        0.0,
        0.0,
        0.0,
        0.0,
        0.0,
        0.0,
        0.0,
        0.0,
        0.0,
        0.0,
        0.0,
        0.0,
        0.0,
        0.0,
        0.0,
        0.0,
        0.0,
        0.0,
        0.0,
        0.0,
        0.0,
        0.0,
        0.0,
        0.0,
        0.0
      ],
      "pvals": [
        5.0,
        1.2312389218813684,
        -3.0,
        0.6911292718607419,
        0.4965926004308053,
        1.5563129983810486,
        5.0,
        0.5615922732412544,
        0.07068500960774282,
        -0.7224161992009135,
        -0.3695597346507149,
        0.6332820193942433,
        -0.2624032153321987,
        1.4660003473360943,
        1.5421089463525393,
        -2.4940366545069037,
        0.28703875912106036,
        1.7035701764630855,
        0.627410668083938,
        8.0,
        1.4633520739524837,
        0.7570708442813333,
        3.483768412538475,
        4.0,
        1.0227873612766851,
        2.4692608171950003,
        0.8256397898091123,
        0.5788525744089854
      ],
      "color_speed": 0.0,
      "xaos": [
        1.0,
        1.0,
        1.0,
        1.0,
        1.0
      ]
    },
    {
      "weight": 2.169469758609937,
      "color": 0.3401397863953365,
      "affine": {
        "a": -0.5000000000000004,