{
  "transforms": [
    {
      "weight": 0.9641479865794389,
      "color": 0.3956793250314514,
      "affine": {
        "a": 0.911734328369166,
        "b": -0.8828985469677918,
        "c": -0.15100754747998435,
        "d": -0.10705954647761041,
        "e": 0.5127405552468183,
        "f": -0.5754403845757214
      },
      "post": {
        "a": 1.0,
        "b": 0.0,
        "c": 0.0,
        "d": 0.0,
        "e": 1.0,
        "f": 0.0
      },
      "variations": [
        0.11028909806585237,
        0.0,
        0.0,
        0.0,
        0.0,
        0.0,
        0.0,
        0.0,
        0.0,
        0.0,
        0.0,
        0.0,
        0.0,
        0.0,
        0.0,
        0.0,
        0.0,
        0.0,
        0.0,
        0.0,
        0.0,
        0.0,
        0.0,
        0.0,
        1.1756555794160943,
        0.0,
        0.0,
        0.0,
        0.0
      ],
      "pvals": [
        5.0,
        0.8306738437540397,
        5.0,
        1.0,
        0.45339804114671933,
        1.5320210925090172,
        8.0,
        0.023748104434380024,
        0.3609370899289903,
        0.6837223368345877,
        -0.3475033012579345,
        0.4682379235266614,
        1.0279020448990406,
        1.8290932356096619,
        -1.7008131278726313,
        -1.3501917930297347
      ],
      "color_speed": 0.5
    },
    {
      "weight": 0.5554079257295378,
      "color": 0.44248772445953866,
      "affine": {
        "a": -0.03989924020243718,
        "b": -0.5483422079608434,
        "c": 0.5990702507893089,
        "d": -0.5010439393680294,
        "e": 0.21542457441977142,
        "f": -0.6923114636332681
      },
      "post": {
        "a": 1.0,
        "b": 0.0,
        "c": 0.0,
        "d": 0.0,
        "e": 1.0,
        "f": 0.0
      },
      "variations": [
        0.18018758394137482,
        0.0,
        0.0,
        1.0444813551586083,
        0.0,
        0.0,
        0.0,
        0.0,
        0.0,
        0.0,
        0.0,
        0.0,
        0.0,
        0.0,
        0.0,
        0.0,
        0.0,
        0.0,
        0.0,
        0.0,
        0.0,
        0.0,
        0.0,
        0.0,
        0.0,
        0.0,
        0.0,
        0.0,
        0.0
      ],
      "pvals": [
        -5.0,
        1.0,
        4.0,
        1.0,
        0.39284771197747753,
        1.3050990589075129,
        4.0,
        -0.5534650025815128,
        0.4325929806503426,
        -0.8771986471048137,
        0.16579311733121016,
        0.8824729920418897,
        2.0037465941198533,
        0.7874703289161289,
        -0.12868170504107734,
        -0.155803555702287
      ],
      "color_speed": 0.5
    },
    {
      "weight": 0.7156145314260625,
      "color": 0.8785293997281091,
      "affine": {
        "a": 0.3936977391785381,
        "b": 0.595788678676436,
        "c": -0.5672929109301146,
        "d": 0.8407112013190076,
        "e": 0.5259553437986477,
        "f": -0.10476110127718874
      },
      "post": {
        "a": 1.0,
        "b": 0.0,
        "c": 0.0,
        "d": 0.0,
        "e": 1.0,
        "f": 0.0
      },
      "variations": [
        0.408923310456597,
        0.0,
        0.0,
        0.0,
        0.0,
        0.0,
        0.0,
        0.0,
        0.0,
        0.0,
        0.0,
        0.0,
        0.0,
        0.0,
        0.0,
        0.0,
        0.0,
        0.0,
        0.0,
        0.0,
        0.0,
        0.0,
        0.0,
        1.0456061556500105,
        0.0,
        0.0,
        0.0,
        0.0,
        0.0
      ],
      "pvals": [
        -5.0,
        1.0,
        5.0,
        1.0,
        0.30396919013914614,
        1.4747224468847424,
        6.0,
        -0.7473903506165004,
        -0.20996431767716595,
        -0.18427714848217547,
        -0.37785902194525267,
        0.5153094542641211,
        -1.0426250530109071,
        -0.736972826928779,
        -0.2553647741792169,
        -1.2726712605724817
      ],
      "color_speed": 0.5
    }
  ],
  "final_transform": {
    "weight": 0.4633913480605647,
    "color": 0.17942739303095423,
    "affine": {
      "a": 0.0557403780854203,
      "b": -0.3029105525151814,
      "c": -0.045683533033377355,
      "d": 0.4434264479847043,
      "e": -0.5306289742090118,
      "f": -0.001872683960126409
    },
    "post": {
      "a": 1.0,
      "b": 0.0,
      "c": 0.0,
      "d": 0.0,
      "e": 1.0,
      "f": 0.0
    },
    "variations": [
      0.30439307153756073,
      0.0,
      0.6249477491456334,
      0.0,
      0.0,
      0.0,
      0.0,
      0.0,
      0.0,
      0.0,
      0.0,
      0.0,
      0.0,
      0.0,
      0.0,
      0.0,
      0.0,
      0.0,
      0.0,
      0.0,
      0.0,
      0.0,
      0.0,
      0.0,
      0.0,
      0.0,
      0.0,
      0.0,
      0.0
    ],
    "pvals": [
      5.0,
      1.0,
      2.0,
      1.0,
      0.4785075144520176,
      1.3504402946367742,
      2.0,
      -0.13829901574987746,
      -0.2112835921414712,
      -0.4303806967761321,
      0.05093556947431255,
      0.8128892648238146,
      -0.5044110245983369,
      0.567092025295513,
      2.3928731819697164,
      -2.2291652028998357
    ],
    "color_speed": 0.5
  },
  "palette": {
    "stops": [
      {
        "pos": 0.0,
        "rgb": [
          0.20726761511758907,
          0.6820702914198815,
          0.650172628369656
        ]
      },
      {
        "pos": 0.14285714285714285,
        "rgb": [
          0.529852074126927,
          0.8163249719161239,
          0.853792699070469
        ]
      },
      {
        "pos": 0.2857142857142857,
        "rgb": [
          0.8064401944971293,
          0.49831174504148656,
          0.6955102617830418
        ]
      },
      {
        "pos": 0.42857142857142855,
        "rgb": [
          0.7470126185106576,
          0.061486695896146415,
          0.3412940166041978
        ]
      },
      {
        "pos": 0.5714285714285714,
        "rgb": [
          0.41388275064503727,
          0.0,
          0.16256110098144144
        ]
      },
      {
        "pos": 0.7142857142857143,
        "rgb": [
          0.15635738753926032,
          0.3078523918211089,
          0.3467237773160444
        ]
      },
      {
        "pos": 0.8571428571428571,
        "rgb": [
          0.24446743400567905,
          0.732713817468156,
          0.7006763509938762
        ]
      },
      {
        "pos": 1.0,
        "rgb": [
          0.5858241820605563,
          0.79297868359023,
          0.8532781600692357
        ]
      }
    ]
  },
  "camera": {
    "center_x": -0.2331120375185114,
    "center_y": 0.036161511627454845,
    "scale": 0.1820828471368755,
    "rotate": 0.0
  },
  "brightness": 1.0,
  "gamma": 4.0,
  "vibrancy": 1.0,
  "background": [
    0.0,
    0.0,
    0.0
  ]
}