{
  "transforms": [
    {
      "weight": 0.8080287816400709,
      "color": 0.8858080891921405,
      "affine": {
        "a": 0.624868419471361,
        "b": -0.36307791706645826,
        "c": 0.5783219566927866,
        "d": 0.11596411643283817,
        "e": -0.36858971542461777,
        "f": 0.971502810512614
      },
      "post": {
        "a": 1.0,
        "b": 0.0,
        "c": 0.0,
        "d": 0.0,
        "e": 1.0,
        "f": 0.0
      },
      "variations": [
        0.3746847923627843,
        0.0,
        0.0,
        0.0,
        0.2114521838697953,
        0.0,
        0.0,
        0.0,
        0.0,
        0.0,
        0.0,
        0.0,
        0.0,
        0.0,
        0.0,
        0.0,
        0.0,
        0.0,
        0.0,
        0.0,
        0.0,
        0.0,
        0.0,
        0.7326612202995917,
        0.0,
        0.0,
        0.0,
        0.0,
        0.0
      ],
      "pvals": [
        -2.0,
        1.0,
        -2.0,
        1.0,
        0.53435806206663,
        1.1617151962499213,
        4.0,
        0.2683961203287786,
        0.7371575825738701,
        -0.4810559605631748,
        0.27100120735737376,
        0.9322042807997968,
        -0.9635864107995828,
        -2.495398093241917,
        -2.21065056058456,
        1.7666917327622516
      ],
      "color_speed": 0.5
    },
    {
      "weight": 0.8627676188807039,
      "color": 0.23320914925875214,
      "affine": {
        "a": -0.7271466130113804,
        "b": 0.6093029514708116,
        "c": -0.5192626806855574,
        "d": -0.12522709940308524,
        "e": -0.13663228814413816,
        "f": -0.8981913062421867
      },
      "post": {
        "a": 1.0,
        "b": 0.0,
        "c": 0.0,
        "d": 0.0,
        "e": 1.0,
        "f": 0.0
      },
      "variations": [
        0.2837413238306621,
        0.0,
        0.0,
        0.0,
        0.0,
        0.0,
        0.0,
        0.0,
        0.0,
        0.0,
        0.0,
        0.0,
        0.0,
        0.0,
        0.0,
        0.0,
        0.0,
        0.0,
        0.0,
        0.0,
        0.0,
        0.0,
        0.0,
        0.0,
        0.0,
        0.0,
        1.0596422784312567,
        0.0,
        0.0
      ],
      "pvals": [
        2.0,
        1.0,
        -5.0,
        0.9620869695456049,
        0.7219160680322092,
        1.4176849683540205,
        5.0,
        -0.3518530471526671,
        0.010552696691375374,
        0.0021485593864600805,
        -0.7100693363396307,
        0.7257577999579796,
        -1.4397642288906294,
        -2.084506815342944,
        -0.3385414913573048,
        -1.1827794543158032
      ],
      "color_speed": 0.5
    },
    {
      "weight": 0.67362501118601,
      "color": 0.9622531368002017,
      "affine": {
        "a": 0.5628038347961415,
        "b": -0.08931592999405324,
        "c": 0.4057070678533441,
        "d": 0.6565698816162094,
        "e": 0.4276698377117982,
        "f": -0.4796502028166354
      },
      "post": {
        "a": 1.0,
        "b": 0.0,
        "c": 0.0,
        "d": 0.0,
        "e": 1.0,
        "f": 0.0
      },
      "variations": [
        0.34308740833901485,
        0.0,
        1.3172749288663628,
        0.0,
        0.0,
        0.0,
        0.0,
        0.0,
        0.0,
        0.0,
        0.0,
        0.0,
        0.0,
        0.0,
        0.0,
        0.0,
        0.0,
        0.0,
        0.0,
        0.0,
        0.0,
        0.0,
        0.0,
        0.0,
        0.0,
        0.0,
        0.0,
        0.0,
        0.0
      ],
      "pvals": [
        4.0,
        1.0,
        3.0,
        1.0,
        0.7601314572069213,
        1.1015968916167203,
        4.0,
        -0.35651089477483566,
        -0.5038725104657178,
        0.6875724811201045,
        0.8395443160279239,
        0.3837797293191998,
        -0.46190367087293005,
        -0.8743855876737023,
        -0.2948924650491809,
        2.0621786769626196
      ],
      "color_speed": 0.5
    }
  ],
  "final_transform": null,
  "palette": {
    "stops": [
      {
        "pos": 0.0,
        "rgb": [
          0.6176817053623085,
          0.500305615503606,
          0.2796725461832996
        ]
      },
      {
        "pos": 0.14285714285714285,
        "rgb": [
          0.3212533871248412,
          0.26152935590344845,
          0.13476639688581526
        ]
      },
      {
        "pos": 0.2857142857142857,
        "rgb": [
          0.08751877909312283,
          0.17606611066804373,
          0.14466667364791475
        ]
      },
      {
        "pos": 0.42857142857142855,
        "rgb": [
          0.03036091646918604,
          0.28555632768648975,
          0.3045496425069533
        ]
      },
      {
        "pos": 0.5714285714285714,
        "rgb": [
          0.1776289523420394,
          0.5366528439349109,
          0.536515167389336
        ]
      },
      {
        "pos": 0.7142857142857143,
        "rgb": [
          0.4575691526169593,
          0.8070133428867516,
          0.7275421674277671
        ]
      },
      {
        "pos": 0.8571428571428571,
        "rgb": [
          0.7337856281663652,
          0.9649094746898015,
          0.7845561306656642
        ]
      },
      {
        "pos": 1.0,
        "rgb": [
          0.871696808578974,
          0.9334091543275733,
          0.6797780164333302
        ]
      }
    ]
  },
  "camera": {
    "center_x": -0.3071124438008982,
    "center_y": -0.3990967013502973,
    "scale": 0.19966400061023798,
    "rotate": 0.0
  },
  "brightness": 1.0,
  "gamma": 4.0,
  "vibrancy": 1.0,
  "background": [
    0.0,
    0.0,
    0.0
  ]
}