{
  "transforms": [
    {
      "weight": 0.934415668116906,
      "color": 0.8713317598767438,
      "affine": {
        "a": -0.4680366744227239,
        "b": -0.059860559737648096,
        "c": -0.3438465216949942,
        "d": -0.683168653467116,
        "e": -0.16224311959727328,
        "f": -0.7928801053099763
      },
      "post": {
        "a": 1.0,
        "b": 0.0,
        "c": 0.0,
        "d": 0.0,
        "e": 1.0,
        "f": 0.0
      },
      "variations": [
        0.30402560255982736,
        0.0,
        0.0,
        0.0,
        0.0,
        0.0,
        0.0,
        0.0,
        0.0,
        0.0,
        0.0,
        0.0,
        0.0,
        0.0,
        0.0,
        0.0,
        0.0,
        0.0,
        0.0,
        0.0,
        0.0,
        0.0,
        0.0,
        0.0,
        0.0,
        0.0,
        0.0,
        1.0503803403034417,
        0.0
      ],
      "pvals": [
        -2.0,
        0.9895419523306141,
        -2.0,
        1.0,
        0.3533471636213164,
        1.141109953206596,
        5.0,
        0.644063460590097,
        0.7365264129739428,
        -0.8466374868566107,
        -0.18591193018986507,
        1.1116606414052161,
        -0.4248429159778033,
        2.355678913355713,
        -2.2287986667127417,
        -0.5840826466011151
      ]
    },
    {
      "weight": 0.6251741374592985,
      "color": 0.8279039732939806,
      "affine": {
        "a": -0.4392464396149287,
        "b": 0.19504190049127026,
        "c": 0.8396615585321949,
        "d": -0.15993455066314968,
        "e": -0.5985690257367423,
        "f": -0.919740375724531
      },
      "post": {
        "a": 1.0,
        "b": 0.0,
        "c": 0.0,
        "d": 0.0,
        "e": 1.0,
        "f": 0.0
      },
      "variations": [
        0.3123697794126861,
        0.0,
        0.0,
        0.8787359862992719,
        0.0,
        0.0,
        0.0,
        0.0,
        0.0,
        0.0,
        0.0,
        0.0,
        0.0,
        0.0,
        0.0,
        0.0,
        0.0,
        0.10261803022320808,
        0.0,
        0.0,
        0.0,
        0.0,
        0.0,
        0.0,
        0.0,
        0.0,
        0.0,
        0.0,
        0.0
      ],
      "pvals": [
        -2.0,
        1.0,
        4.0,
        1.0,
        0.5867608386709697,
        1.0554922578415047,
        8.0,
        -0.26288262104776694,
        0.11293659290820468,
        0.2325520216010868,
        -0.2895952976523335,
        0.6335285711533631,
        1.8711140557630355,
        -0.4921610638911855,
        -0.18281019720963076,
        -0.7085622068296216
      ]
    },
    {
      "weight": 0.48621627482481894,
      "color": 0.5284401168135143,
      "affine": {
        "a": -0.17341464023826902,
        "b": -0.6063336019543669,
        "c": 0.054136867459372295,
        "d": -0.029159602202054352,
        "e": 0.1984043808557105,
        "f": 0.8805143503778414
      },
      "post": {
        "a": 1.0,
        "b": 0.0,
        "c": 0.0,
        "d": 0.0,
        "e": 1.0,
        "f": 0.0
      },
      "variations": [
        0.44473940549028246,
        0.0,
        0.9889375158524882,
        0.0,
        0.0,
        0.0,
        0.0,
        0.0,
        0.0,
        0.0,
        0.0,
        0.0,
        0.0,
        0.0,
        0.0,
        0.0,
        0.0,
        0.0,
        0.0,
        0.0,
        0.0,
        0.0,
        0.0,
        0.0,
        0.0,
        0.0,
        0.0,
        0.0,
        0.0
      ],
      "pvals": [
        -5.0,
        1.0,
        -4.0,
        1.0,
        0.37981098731190194,
        1.3478240730988489,
        8.0,
        0.5316669952385473,
        -0.3943006110156915,
        0.9091842163324351,
        -0.8661402556217948,
        0.697396825719131,
        2.2863494799030395,
        0.9780484397116327,
        0.35340581562420414,
        -2.0239949624677407
      ]
    }
  ],
  "final_transform": null,
  "palette": {
    "stops": [
      {
        "pos": 0.0,
        "rgb": [
          0.4133681984932259,
          0.7053945010413903,
          0.35461389854169834
        ]
      },
      {
        "pos": 0.14285714285714285,
        "rgb": [
          0.6940044300780198,
          0.8814438074279427,
          0.7847821650118979
        ]
      },
      {
        "pos": 0.2857142857142857,
        "rgb": [
          0.8677244882538862,
          0.724122796888004,
          0.7933841642790587
        ]
      },
      {
        "pos": 0.42857142857142855,
        "rgb": [
          0.7605051103677329,
          0.39102706215575217,
          0.37180288346896556
        ]
      },
      {
        "pos": 0.5714285714285714,
        "rgb": [
          0.4797528109884998,
          0.2158337107719452,
          0.0
        ]
      },
      {
        "pos": 0.7142857142857143,
        "rgb": [
          0.30670990403407944,
          0.37404187002835015,
          0.0
        ]
      },
      {
        "pos": 0.8571428571428571,
        "rgb": [
          0.4147213190617606,
          0.70716725007821,
          0.35758201341139567
        ]
      },
      {
        "pos": 1.0,
        "rgb": [
          0.6955871219691412,
          0.8815030463213334,
          0.7863047603869844
        ]
      }
    ]
  },
  "camera": {
    "center_x": 0.055991073068515695,
    "center_y": -0.1302826520439938,
    "scale": 0.25419545653568537,
    "rotate": 0.0
  },
  "brightness": 1.0,
  "gamma": 4.0,
  "vibrancy": 1.0,
  "background": [
    0.0,
    0.0,
    0.0
  ]
}