{
  "transforms": [
    {
      "weight": 0.44821062818237717,
      "color": 0.3384898627254418,
      "affine": {
        "a": -0.11051793315700587,
        "b": 0.06274682767461282,
        "c": -0.8389662863156253,
        "d": -0.1723176382211815,
        "e": 0.7620180400056635,
        "f": -0.4181884155610198
      },
      "post": {
        "a": 1.0,
        "b": 0.0,
        "c": 0.0,
        "d": 0.0,
        "e": 1.0,
        "f": 0.0
      },
      "variations": [
        0.0,
        0.0,
        0.0,
        0.5488243242792459,
        0.0,
        0.8742240949014093,
        0.0,
        0.0,
        0.0,
        0.22554924644571983,
        0.0,
        0.0,
        0.0,
        0.0,
        0.0,
        0.0,
        0.0,
        0.0,
        0.0,
        0.0,
        0.0,
        0.0
      ]
    },
    {
      "weight": 0.6145430695278664,
      "color": 0.5883019695523677,
      "affine": {
        "a": 0.8690336761529107,
        "b": -0.3411528257910519,
        "c": -0.7793545201402896,
        "d": 0.9990436697050695,
        "e": 0.25091099411120665,
        "f": -0.03962276620556526
      },
      "post": {
        "a": 1.0,
        "b": 0.0,
        "c": 0.0,
        "d": 0.0,
        "e": 1.0,
        "f": 0.0
      },
      "variations": [
        0.0,
        0.0,
        0.0,
        0.0,
        0.0,
        0.0,
        0.0,
        0.0,
        0.0,
        0.0,
        0.0,
        0.0,
        0.0,
        0.0,
        0.0,
        0.0,
        0.9419741444248715,
        0.0,
        0.0,
        0.0,
        0.0,
        0.4483416446267354
      ]
    },
    {
      "weight": 0.35330804129819404,
      "color": 0.648645484491831,
      "affine": {
        "a": 0.12755092455260142,
        "b": 0.1292143973570561,
        "c": -0.3490025528089742,
        "d": -0.536329720371886,
        "e": -0.4674867062670043,
        "f": 0.9145785751043205
      },
      "post": {
        "a": 1.0,
        "b": 0.0,
        "c": 0.0,
        "d": 0.0,
        "e": 1.0,
        "f": 0.0
      },
      "variations": [
        0.0,
        0.0,
        0.0,
        0.5229335829860268,
        0.0,
        0.0,
        0.0,
        0.0,
        0.0,
        0.0,
        0.0,
        0.0,
        0.0,
        0.6528865200902936,
        0.7757641106384128,
        0.0,
        0.0,
        0.0,
        0.0,
        0.0,
        0.0,
        0.0
      ]
    }
  ],
  "final_transform": {
    "weight": 0.48634957432942105,
    "color": 0.47298673568741456,
    "affine": {
      "a": -0.935461755218755,
      "b": -0.5379216119236399,
      "c": -0.37392555450046605,
      "d": -0.9783582909739033,
      "e": 0.17039037794174083,
      "f": -0.9459431186495844
    },
    "post": {
      "a": 1.0,
      "b": 0.0,
      "c": 0.0,
      "d": 0.0,
      "e": 1.0,
      "f": 0.0
    },
    "variations": [
      0.0,
      0.0,
      0.0,
      0.0,
      0.0,
      0.0,
      0.0,
      0.0,
      0.0,
      0.0,
      0.0,
      0.0,
      0.0,
      0.0,
      0.0,
      0.0,
      1.8799061623364421,
      0.0,
      0.0,
      0.0,
      0.0,
      0.0
    ]
  },
  "palette": {
    "stops": [
      {
        "pos": 0.0,
        "rgb": [
          0.6879941579178226,
          0.3585653725406348,
          0.6460555680125768
        ]
      },
      {
        "pos": 0.25,
        "rgb": [
          0.2446099120915065,
          0.9322900562171688,
          0.6572364766338319
        ]
      },
      {
        "pos": 0.5,
        "rgb": [
          0.5130785796261285,
          0.37378405162829165,
          0.7961211734205617
        ]
      },
      {
        "pos": 0.75,
        "rgb": [
          0.20624867909303934,
          0.7299735707357417,
          0.9707980678298271
        ]
      },
      {
        "pos": 1.0,
        "rgb": [
          0.16678498069291758,
          0.3807685745860423,
          0.2591238888213384
        ]
      }
    ]
  },
  "camera": {
    "center_x": 0.0,
    "center_y": 0.0,
    "scale": 0.25,
    "rotate": 0.0
  },
  "brightness": 1.0,
  "gamma": 2.2,
  "vibrancy": 1.0,
  "background": [
    0.0,
    0.0,
    0.0
  ]
}