{
  "transforms": [
    {
      "weight": 0.21690858846397526,
      "color": 0.933936776506735,
      "affine": {
        "a": -0.17524615100743754,
        "b": -0.37836167932588977,
        "c": 0.12869195053423188,
        "d": -0.2855447278713598,
        "e": 0.2849839920733933,
        "f": 0.6441055601800221
      },
      "post": {
        "a": 1.0,
        "b": 0.0,
        "c": 0.0,
        "d": 0.0,
        "e": 1.0,
        "f": 0.0
      },
      "variations": [
        0.3212753619328951,
        0.0,
        0.0,
        0.0,
        0.0,
        0.0,
        0.0,
        0.0,
        0.7866404725430154,
        0.0,
        0.0,
        0.0,
        0.0,
        0.0,
        0.0,
        0.0,
        0.0,
        0.0,
        0.0,
        0.0,
        0.0,
        0.0,
        0.0,
        0.0,
        0.0,
        0.0,
        0.0,
        0.0,
        0.0,
        0.0,
        0.0,
        0.0,
        0.0,
        0.0,
        0.0,
        0.0,
        0.0,
        0.0,
        0.0,
        0.0,
        0.0,
        0.0,
        0.0,
        0.0,
        0.0,
        0.0,
        0.0,
        0.0,
        0.0
      ],
      "pvals": [
        -3.0,
        1.0,
        -3.0,
        1.0,
        0.7934004338388598,
        1.069991561516483,
        8.0,
        0.5635431938952176,
        -0.5919813837977895,
        -0.5856993166514763,
        -0.3646462910398489,
        0.3676176826565384,
        -0.34318432877696603,
        1.2049671153348518,
        1.342788681929144,
        1.473608952954108,
        0.5765081752859775,
        1.7983602076905147,
        -0.665869221294533,
        6.0,
        -2.2875269535512825,
        0.6136776389682148,
        1.9161883620792408,
        7.0,
        2.3729662856989973,
        1.7518254056055131,
        0.8966135370218264,
        0.5662627143461736
      ],
      "color_speed": 0.5,
      "xaos": [
        1.0,
        1.0,
        1.0
      ]
    },
    {
      "weight": 0.7078990290612863,
      "color": 0.07561528863412081,
      "affine": {
        "a": -0.4730291951991906,
        "b": 0.3209101777245553,
        "c": 0.8472239577366072,
        "d": 0.2791048823299357,
        "e": -0.33407530174784156,
        "f": 0.6438255434110931
      },
      "post": {
        "a": 1.0,
        "b": 0.0,
        "c": 0.0,
        "d": 0.0,
        "e": 1.0,
        "f": 0.0
      },
      "variations": [
        0.42907011874884105,
        0.0,
        0.0,
        0.7322002153114683,
        0.0,
        0.0,
        0.0,
        0.0,
        0.0,
        0.0,
        0.0,
        0.0,
        0.0,
        0.0,
        0.0,
        0.0,
        0.0,
        0.0,
        0.0,
        0.0,
        0.0,
        0.0,
        0.0,
        0.0,
        0.0,
        0.0,
        0.194938395644159,
        0.0,
        0.0,
        0.0,
        0.0,
        0.0,
        0.0,
        0.0,
        0.0,
        0.0,
        0.0,
        0.0,
        0.0,
        0.0,
        0.0,
        0.0,
        0.0,
        0.0,
        0.0,
        0.0,
        0.0,
        0.0,
        0.0
      ],
      "pvals": [
        5.0,
        1.6507249203997696,
        5.0,
        1.0,
        0.3541011659590921,
        1.3722955162448929,
        4.0,
        -0.5026459594421384,
        -0.11765304660942577,
        -0.26103266062869324,
        0.8903409185500082,
        1.09523273466976,
        1.7363303718395091,
        -0.7763135726192194,
        -0.04461038632388625,
        2.266569236948887,
        1.067604741226495,
        2.2926168013149173,
        0.8051989183323136,
        8.0,
        2.473074322113704,
        0.6490547307674159,
        2.387800164883676,
        8.0,
        2.526824739521289,
        1.3339293626594573,
        0.9321710661622344,
        0.9220209835692126
      ],
      "color_speed": 0.5,
      "xaos": [
        1.0,
        1.0,
        1.0
      ]
    },
    {
      "weight": 0.9192049296708502,
      "color": 0.8265032054531055,
      "affine": {
        "a": -0.21994612592271506,
        "b": -0.6353799569231283,
        "c": 0.6608261857042441,
        "d": 0.12892023954743204,
        "e": 0.7129837934758506,
        "f": -0.21195647019843022
      },
      "post": {
        "a": 1.0,
        "b": 0.0,
        "c": 0.0,
        "d": 0.0,
        "e": 1.0,
        "f": 0.0
      },
      "variations": [
        0.21522035646649385,
        0.0,
        0.0,
        0.0,
        0.0,
        0.0,
        0.0,
        0.0,
        0.0,
        0.0,
        0.0,
        0.288139224458764,
        0.0,
        0.0,
        0.0,
        0.0,
        0.0,
        0.0,
        0.0,
        0.0,
        0.0,
        0.0,
        0.0,
        0.0,
        0.0,
        0.0,
        0.8604541053819907,
        0.0,
        0.0,
        0.0,
        0.0,
        0.0,
        0.0,
        0.0,
        0.0,
        0.0,
        0.0,
        0.0,
        0.0,
        0.0,
        0.0,
        0.0,
        0.0,
        0.0,
        0.0,
        0.0,
        0.0,
        0.0,
        0.0
      ],
      "pvals": [
        2.0,
        0.5040932341157418,
        -3.0,
        1.342198907406097,
        0.6601372328151345,
        1.5059871362686628,
        7.0,
        0.36280927481589353,
        -0.23787750251915285,
        -0.35330145550262193,
        -0.2661314114000932,
        0.5483591029963405,
        0.5172703330189172,
        2.1152470644298695,
        -1.9381645610328768,
        1.5513770308261847,
        0.8333466381160377,
        2.68568726302586,
        0.05177254932049968,
        7.0,
        0.44791589804368837,
        0.6239796980346238,
        3.1608945229622174,
        8.0,
        1.795133461412219,
        1.9813417561200863,
        0.9123370036226792,
        1.0220382256994947
      ],
      "color_speed": 0.5,
      "xaos": [
        1.0,
        1.0,
        1.0
      ]
    }
  ],
  "final_transform": null,
  "palette": {
    "stops": [
      {
        "pos": 0.0,
        "rgb": [
          0.7058823529411765,
          0.2823529411764706,
          0.40784313725490196
        ]
      },
      {
        "pos": 0.06666666666666667,
        "rgb": [
          0.4,
          0.5411764705882353,
          0.49019607843137253
        ]
      },
      {
        "pos": 0.13333333333333333,
        "rgb": [
          0.11372549019607843,
          0.43137254901960786,
          0.6549019607843137
        ]
      },
      {
        "pos": 0.2,
        "rgb": [
          0.3333333333333333,
          0.7647058823529411,
          0.8274509803921568
        ]
      },
      {
        "pos": 0.26666666666666666,
        "rgb": [
          0.6941176470588235,
          0.17254901960784313,
          0.5333333333333333
        ]
      },
      {
        "pos": 0.3333333333333333,
        "rgb": [
          0.6745098039215687,
          0.023529411764705882,
          0.38823529411764707
        ]
      },
      {
        "pos": 0.4,
        "rgb": [
          0.4627450980392157,
          0.5725490196078431,
          0.796078431372549
        ]
      },
      {
        "pos": 0.4666666666666667,
        "rgb": [
          0.796078431372549,
          0.4666666666666667,
          0.25882352941176473
        ]
      },
      {
        "pos": 0.5333333333333333,
        "rgb": [
          0.8980392156862745,
          0.20784313725490197,
          0.5450980392156862
        ]
      },
      {
        "pos": 0.6,
        "rgb": [
          0.4549019607843137,
          0.17647058823529413,
          0.23529411764705882
        ]
      },
      {
        "pos": 0.6666666666666666,
        "rgb": [
          0.7411764705882353,
          0.1411764705882353,
          0.3764705882352941
        ]
      },
      {
        "pos": 0.7333333333333333,
        "rgb": [
          0.9254901960784314,
          0.13333333333333333,
          0.36470588235294116
        ]
      },
      {
        "pos": 0.8,