{
  "transforms": [
    {
      "weight": 0.9018789494113384,
      "color": 0.5230671798509814,
      "affine": {
        "a": -0.4289826312060667,
        "b": 0.5879932113246111,
        "c": -0.19171566189954858,
        "d": 0.21084073795065827,
        "e": -0.09012418505942077,
        "f": 0.060157995003177867
      },
      "post": {
        "a": 1.0,
        "b": 0.0,
        "c": 0.0,
        "d": 0.0,
        "e": 1.0,
        "f": 0.0
      },
      "variations": [
        0.5554873736446178,
        0.0,
        0.0,
        0.0,
        0.0,
        0.0,
        0.0,
        0.8103155135294089,
        0.0,
        0.0,
        0.0,
        0.0,
        0.0,
        0.0,
        0.0,
        0.0,
        0.0,
        0.0,
        0.0,
        0.0,
        0.0,
        0.0
      ]
    },
    {
      "weight": 0.907459650831832,
      "color": 0.06596019314557644,
      "affine": {
        "a": -0.8371706919930784,
        "b": -0.008240096821591214,
        "c": -0.7537822261238958,
        "d": -0.42617729035252183,
        "e": -0.9041976343115175,
        "f": 0.031039792822940893
      },
      "post": {
        "a": 1.0,
        "b": 0.0,
        "c": 0.0,
        "d": 0.0,
        "e": 1.0,
        "f": 0.0
      },
      "variations": [
        0.0,
        0.7453639787044708,
        0.0,
        0.0,
        0.0,
        0.0,
        0.0,
        0.0,
        0.0,
        0.0,
        0.0,
        0.0,
        0.0,
        0.0,
        0.0,
        0.0,
        0.0,
        0.0,
        0.0,
        0.0,
        0.0,
        0.7162677121756049
      ]
    },
    {
      "weight": 0.40261851813335164,
      "color": 0.5297573884808989,
      "affine": {
        "a": 0.08734157884882077,
        "b": 0.49647065764330955,
        "c": 0.6360669967669679,
        "d": 0.33714693120847317,
        "e": 0.723656569317414,
        "f": 0.41635850096666727
      },
      "post": {
        "a": 1.0,
        "b": 0.0,
        "c": 0.0,
        "d": 0.0,
        "e": 1.0,
        "f": 0.0
      },
      "variations": [
        0.0,
        0.0,
        0.0,
        0.0,
        0.0,
        0.551189383731153,
        0.0,
        0.0,
        0.0,
        0.9981983140293138,
        0.0,
        0.0,
        0.6692761137681587,
        0.0,
        0.0,
        0.0,
        0.0,
        0.0,
        0.0,
        0.0,
        0.0,
        0.0
      ]
    }
  ],
  "final_transform": {
    "weight": 0.44148502041915094,
    "color": 0.13158494171175306,
    "affine": {
      "a": -0.3486326985340973,
      "b": 0.8803478349760359,
      "c": -0.21267568550618932,
      "d": -0.8245383318729729,
      "e": 0.21409946941058045,
      "f": -0.6890449976621755
    },
    "post": {
      "a": 1.0,
      "b": 0.0,
      "c": 0.0,
      "d": 0.0,
      "e": 1.0,
      "f": 0.0
    },
    "variations": [
      0.0,
      0.0,
      0.0,
      0.0,
      0.0,
      0.0,
      0.0,
      0.0,
      0.3273434598350309,
      0.9301521309432639,
      0.0,
      0.0,
      0.0,
      0.0,
      0.0,
      0.0,
      0.0,
      0.0,
      0.0,
      0.871465053609269,
      0.0,
      0.0
    ]
  },
  "palette": {
    "stops": [
      {
        "pos": 0.0,
        "rgb": [
          0.8756152732187764,
          0.526455979878743,
          0.06836999814591738
        ]
      },
      {
        "pos": 0.3333333333333333,
        "rgb": [
          0.7523514333816655,
          0.5340664911201387,
          0.7204071637730679
        ]
      },
      {
        "pos": 0.6666666666666666,
        "rgb": [
          0.27993562240698944,
          0.03743396438444746,
          0.022016616830809577
        ]
      },
      {
        "pos": 1.0,
        "rgb": [
          0.568457442580319,
          0.12001656544688921,
          0.1617163789059508
        ]
      }
    ]
  },
  "camera": {
    "center_x": 0.0,
    "center_y": 0.0,
    "scale": 0.25,
    "rotate": 0.0
  },
  "brightness": 1.0,
  "gamma": 2.2,
  "vibrancy": 1.0,
  "background": [
    0.0,
    0.0,
    0.0
  ]
}