{
  "transforms": [
    {
      "weight": 0.24141203843467407,
      "color": 0.7702536489605273,
      "affine": {
        "a": -0.4568042551670874,
        "b": 0.11081847738186515,
        "c": 0.7911620723736694,
        "d": -0.7215258960226192,
        "e": -0.2147432582109158,
        "f": -0.9066918409019644
      },
      "post": {
        "a": 1.0,
        "b": 0.0,
        "c": 0.0,
        "d": 0.0,
        "e": 1.0,
        "f": 0.0
      },
      "variations": [
        0.23841500738698912,
        0.0,
        0.0,
        0.0,
        0.0,
        0.0,
        0.0,
        0.0,
        0.0,
        0.0,
        0.0,
        0.0,
        0.0,
        0.0,
        0.0,
        0.0,
        0.0,
        0.0,
        0.0,
        0.0,
        0.0,
        0.0,
        0.0,
        0.0,
        0.0,
        0.0,
        1.079492815118747,
        0.0,
        0.0
      ],
      "pvals": [
        4.0,
        1.0,
        -5.0,
        1.0,
        0.35950680287356085,
        1.3082755654058038,
        4.0,
        0.5992423327893872,
        -0.7298053097757479,
        0.21682140152493412,
        -0.2491564423635455,
        0.57589837967454,
        0.7452564003589988,
        2.0612830742844803,
        1.2493021900225743,
        1.9977252068052476
      ]
    },
    {
      "weight": 0.7189193185935354,
      "color": 0.6405291705005202,
      "affine": {
        "a": 0.08181516196797192,
        "b": -0.7023120888083734,
        "c": 0.2896261042788011,
        "d": -0.3158644517849014,
        "e": -0.1404061763484757,
        "f": 0.3794366711681758
      },
      "post": {
        "a": 1.0,
        "b": 0.0,
        "c": 0.0,
        "d": 0.0,
        "e": 1.0,
        "f": 0.0
      },
      "variations": [
        0.3291919939136063,
        0.0,
        0.0,
        0.0,
        0.0,
        0.0,
        0.0,
        0.0,
        0.0,
        0.12730873944462523,
        0.0,
        0.0,
        0.0,
        0.0,
        0.0,
        0.0,
        0.0,
        0.0,
        0.0,
        0.0,
        0.0,
        0.0,
        0.0,
        0.0,
        0.0,
        0.0,
        0.0,
        1.0668893126626073,
        0.0
      ],
      "pvals": [
        2.0,
        1.0,
        -5.0,
        1.0,
        0.779913151502684,
        1.4020681527583712,
        4.0,
        -0.6604522106278113,
        -0.6828763459913575,
        0.3635392025807307,
        0.3552234014667668,
        1.003587764510832,
        -1.0097327027212133,
        0.5627914063771229,
        0.42261519554000415,
        -0.29401134656149797
      ]
    },
    {
      "weight": 0.5257554953483816,
      "color": 0.9954348641894887,
      "affine": {
        "a": -0.35972908846148755,
        "b": -0.4140897293350361,
        "c": -0.5330019611977115,
        "d": 0.045818332967829306,
        "e": -0.18096758868179033,
        "f": -0.04938032628119271
      },
      "post": {
        "a": 1.0,
        "b": 0.0,
        "c": 0.0,
        "d": 0.0,
        "e": 1.0,
        "f": 0.0
      },
      "variations": [
        0.3072591102322807,
        0.0,
        0.0,
        0.0,
        0.0,
        0.0,
        0.0,
        0.28607370711256874,
        0.0,
        0.0,
        0.0,
        0.0,
        0.0,
        0.0,
        0.0,
        0.0,
        0.0,
        0.8255837426480686,
        0.0,
        0.0,
        0.0,
        0.0,
        0.0,
        0.0,
        0.0,
        0.0,
        0.0,
        0.0,
        0.0
      ],
      "pvals": [
        -2.0,
        1.105373581683925,
        2.0,
        1.0,
        0.7508301074202668,
        1.0991851742388314,
        3.0,
        0.40390206619892677,
        -0.004325207903470352,
        -0.3869520882554014,
        -0.7307166415190731,
        1.155862302509789,
        -2.484158340136719,
        -0.8723919138790364,
        0.42041173498537576,
        1.9308925278916789
      ]
    }
  ],
  "final_transform": null,
  "palette": {
    "stops": [
      {
        "pos": 0.0,
        "rgb": [
          0.31771822885311496,
          0.24864233765869445,
          0.0
        ]
      },
      {
        "pos": 0.14285714285714285,
        "rgb": [
          0.10946834128306016,
          0.4898946535642646,
          0.16345204011919812
        ]
      },
      {
        "pos": 0.2857142857142857,
        "rgb": [
          0.22370247790983178,
          0.6626009455153508,
          0.5389972947539371
        ]
      },
      {
        "pos": 0.42857142857142855,
        "rgb": [
          0.5768281042350598,
          0.6403808066185607,
          0.8141571754214065
        ]
      },
      {
        "pos": 0.5714285714285714,
        "rgb": [
          0.910440272556516,
          0.4394941551622186,
          0.7875793324959144
        ]
      },
      {
        "pos": 0.7142857142857143,
        "rgb": [
          0.9804132993177865,
          0.20694279671860635,
          0.4787124992304652
        ]
      },
      {
        "pos": 0.8571428571428571,
        "rgb": [
          0.7355433777915743,
          0.11289965881510572,
          0.11357459091338318
        ]
      },
      {
        "pos": 1.0,
        "rgb": [
          0.35501772790383646,
          0.2261822112700237,
          0.0
        ]
      }
    ]
  },
  "camera": {
    "center_x": -0.05225580949185327,
    "center_y": -0.5259710158493602,
    "scale": 0.24845828752913496,
    "rotate": 0.0
  },
  "brightness": 1.0,
  "gamma": 4.0,
  "vibrancy": 1.0,
  "background": [
    0.0,
    0.0,
    0.0
  ]
}