{
  "transforms": [
    {
      "weight": 0.6494600573684919,
      "color": 0.8955810361868347,
      "affine": {
        "a": -0.8050713439952741,
        "b": -0.23960836950523867,
        "c": -0.9066918409019644,
        "d": 0.7311301594834474,
        "e": -0.8964699039133148,
        "f": 0.5405072979210546
      },
      "post": {
        "a": 1.0,
        "b": 0.0,
        "c": 0.0,
        "d": 0.0,
        "e": 1.0,
        "f": 0.0
      },
      "variations": [
        0.0,
        0.0,
        0.0,
        0.0,
        0.0,
        0.0,
        0.0,
        0.0,
        0.0,
        0.0,
        0.0,
        0.0,
        0.5163771597416895,
        0.0,
        0.0,
        0.0,
        0.0,
        0.0,
        0.3961209610480297,
        0.0,
        0.0,
        0.0
      ]
    },
    {
      "weight": 0.6666006461780616,
      "color": 0.8624416545664931,
      "affine": {
        "a": 0.7490529159867338,
        "b": -0.9122566372196848,
        "c": 0.21682140152493412,
        "d": -0.2491564423635455,
        "e": -0.3868924896121333,
        "f": 0.2981025601435996
      },
      "post": {
        "a": 1.0,
        "b": 0.0,
        "c": 0.0,
        "d": 0.0,
        "e": 1.0,
        "f": 0.0
      },
      "variations": [
        0.0,
        0.0,
        0.0,
        0.0,
        0.0,
        0.0,
        0.2952108845976974,
        0.0,
        0.0,
        0.0,
        0.0,
        0.0,
        0.0,
        0.0,
        0.0,
        0.4083687712895242,
        0.0,
        0.0,
        0.0,
        0.0,
        0.41477065653712214,
        0.0
      ]
    },
    {
      "weight": 0.675732395342701,
      "color": 0.9337786253252144,
      "affine": {
        "a": 0.30966853664917915,
        "b": -0.7673001888879929,
        "c": -0.33001785913512793,
        "d": -0.3815300844429981,
        "e": 0.10339111843963256,
        "f": -0.887522931067446
      },
      "post": {
        "a": 1.0,
        "b": 0.0,
        "c": 0.0,
        "d": 0.0,
        "e": 1.0,
        "f": 0.0
      },
      "variations": [
        0.0,
        0.0,
        0.0,
        0.0,
        0.0,
        0.0,
        0.0,
        0.0,
        0.0,
        0.0,
        0.0,
        0.0,
        0.0,
        0.0,
        0.0,
        0.9196360330888396,
        0.0,
        0.0,
        0.0,
        0.0,
        0.0,
        0.0
      ]
    }
  ],
  "final_transform": null,
  "palette": {
    "stops": [
      {
        "pos": 0.0,
        "rgb": [
          0.41128324347641065,
          0.6897183355840879,
          0.6032927973581625
        ]
      },
      {
        "pos": 0.3333333333333333,
        "rgb": [
          0.6486491482419192,
          0.6405291705005202,
          0.11215191616426956
        ]
      },
      {
        "pos": 0.6666666666666666,
        "rgb": [
          0.16078188885658562,
          0.12328342623493183,
          0.5343328529774451
        ]
      },
      {
        "pos": 1.0,
        "rgb": [
          0.5031457758186524,
          0.6190174388307109,
          0.9598263030053681
        ]
      }
    ]
  },
  "camera": {
    "center_x": 0.0,
    "center_y": 0.0,
    "scale": 0.25,
    "rotate": 0.0
  },
  "brightness": 1.0,
  "gamma": 2.2,
  "vibrancy": 1.0,
  "background": [
    0.0,
    0.0,
    0.0
  ]
}