{
  "transforms": [
    {
      "weight": 0.8396386791973427,
      "color": 0.956036554443198,
      "affine": {
        "a": -0.41090316770267576,
        "b": -0.5080210740307503,
        "c": -0.09327193240593235,
        "d": -0.02775942110648589,
        "e": 0.4272232533680531,
        "f": -0.7766359539126795
      },
      "post": {
        "a": 1.0,
        "b": 0.0,
        "c": 0.0,
        "d": 0.0,
        "e": 1.0,
        "f": 0.0
      },
      "variations": [
        0.39659007501430055,
        0.0,
        0.0,
        0.0,
        0.0,
        0.0,
        0.0,
        0.0,
        0.0,
        0.0,
        0.0,
        0.0,
        0.0,
        0.0,
        0.0,
        0.0,
        0.0,
        0.0,
        0.0,
        0.0,
        0.0,
        0.0,
        0.0,
        0.0,
        0.0,
        0.0,
        0.0,
        0.0,
        0.0,
        0.0,
        0.0,
        0.0,
        0.0,
        0.0,
        0.0,
        0.0,
        0.0,
        0.0,
        0.0,
        0.0,
        0.0,
        1.0412506733080016,
        0.0,
        0.0,
        0.0,
        0.0,
        0.0,
        0.0,
        0.0
      ],
      "pvals": [
        -4.0,
        1.0,
        -2.0,
        1.0,
        0.558848182431616,
        1.3955438986012618,
        8.0,
        0.26205899407168953,
        0.5436856746618604,
        -0.3132460414289615,
        0.6431694951076354,
        0.758308316661298,
        -0.8548410777185134,
        1.310090202356624,
        0.6856163786835401,
        0.9104212770938487,
        0.9249603132621111,
        2.6520412379927096,
        -0.7657783455718881,
        4.0,
        -1.7165782297672205,
        0.576930323475676,
        2.3504190934561926,
        4.0,
        1.0915185412327066,
        2.2462112025666867,
        0.4454000359146402,
        0.8470612206282473
      ],
      "color_speed": 0.5
    },
    {
      "weight": 0.8657713740769704,
      "color": 0.3685931506526461,
      "affine": {
        "a": -0.47083085538472313,
        "b": -0.480329626355937,
        "c": 0.151147040543538,
        "d": -0.5163842886892454,
        "e": -0.43844929509077935,
        "f": 0.9831923311460862
      },
      "post": {
        "a": 1.0,
        "b": 0.0,
        "c": 0.0,
        "d": 0.0,
        "e": 1.0,
        "f": 0.0
      },
      "variations": [
        0.25636638595573746,
        0.0,
        0.0,
        0.0,
        0.0,
        0.0,
        0.0,
        0.0,
        0.0,
        0.0,
        0.0,
        0.0,
        0.0,
        0.0,
        0.0,
        0.0,
        0.0,
        0.0,
        0.688301969319537,
        0.0,
        0.0,
        0.0,
        0.0,
        0.0,
        0.0,
        0.0,
        0.0,
        0.0,
        0.0,
        0.0,
        0.0,
        0.0,
        0.0,
        0.0,
        0.0,
        0.0,
        0.0,
        0.0,
        0.0,
        0.0,
        0.0,
        0.0,
        0.0,
        0.0,
        0.0,
        0.0,
        0.0,
        0.0,
        0.0
      ],
      "pvals": [
        2.0,
        1.0,
        3.0,
        1.0,
        0.714363699580645,
        1.1577909543602023,
        7.0,
        0.17946357600918483,
        -0.178180511214715,
        -0.8056879052846231,
        0.5311419585235297,
        1.1397228375795452,
        1.0675976182865021,
        -1.7040606321938885,
        -1.0234320648636963,
        -2.263307338296325,
        0.5270200663942557,
        1.3292086721596745,
        -0.7448981499634746,
        7.0,
        -1.8246612032246432,
        0.7963208443916778,
        4.000022137704452,
        4.0,
        1.3508728028415262,
        2.2042073339529775,
        0.4394968021480253,
        1.01904823638054
      ],
      "color_speed": 0.5
    },
    {
      "weight": 0.32421345634113036,
      "color": 0.30266879263540847,
      "affine": {
        "a": 0.8105108118839228,
        "b": 0.15611923959198504,
        "c": 0.5696936168621236,
        "d": 0.017282852375069033,
        "e": 0.0691175824821084,
        "f": -0.7686086045507521
      },
      "post": {
        "a": 1.0,
        "b": 0.0,
        "c": 0.0,
        "d": 0.0,
        "e": 1.0,
        "f": 0.0
      },
      "variations": [
        0.2031663573229876,
        0.0,
        0.0,
        0.0,
        0.0,
        0.0,
        0.0,
        0.0,
        0.0,
        0.0,
        0.0,
        0.0,
        0.0,
        0.0,
        0.0,
        0.0,
        0.0,
        0.0,
        0.0,
        0.0,
        0.0,
        0.0,
        0.9441211542387242,
        0.0,
        0.0,
        0.0,
        0.0,
        0.0,
        0.0,
        0.0,
        0.0,
        0.0,
        0.0,
        0.0,
        0.0,
        0.0,
        0.0,
        0.0,
        0.0,
        0.0,
        0.0,
        0.0,
        0.0,
        0.0,
        0.0,
        0.0,
        0.0,
        0.0,
        0.0
      ],
      "pvals": [
        -4.0,
        1.0,
        2.0,
        1.0,
        0.5812903051269527,
        1.2586650626252887,
        8.0,
        0.6894855670025211,
        -0.7375142939317634,
        -0.1493306540550401,
        -0.8611808335467843,
        0.38936029238190034,
        -1.3741824807646075,
        2.2636798800386986,
        -1.8063428366283318,
        -2.3911195072546922,
        0.792686435528259,
        1.2590386619091043,
        -0.5192475939002341,
        5.0,
        -0.13978122916767255,
        0.8270259912395925,
        2.7377094196164644,
        4.0,
        2.1734709731000486,
        1.2928498953412113,
        0.23427343329389744,
        0.5772861660646793
      ],
      "color_speed": 0.5
    },
    {
      "weight": 2.0296235096154436,
      "color": 0.8392043815642696,
      "affine": {
        "a": -1.0,
        "b": 0.0,
        "c": 0.0,
        "d": 0.0,
        "e": 1.0,
        "f": 0.0
      },
      "post": {
        "a": 1.0,
        "b": 0.0,
        "c": 0.0,
        "d": 0.0,
        "e": 1.0,
        "f": 0.0
      },
      "variations": [
        1.0,
        0.0,
        0.0,
        0.0,
        0.0,
        0.0,
        0.0,
        0.0,
        0.0,
        0.0,
        0.0,
        0.0,
        0.0,
        0.0,
        0.0,
        0.0,
        0.0,
        0.0,
        0.0,
        0.0,
        0.0,
        0.0,
        0.0,
        0.0,
        0.0,
        0.0,
        0.0,
        0.0,
        0.0,
        0.0,
        0.0,
        0.0,
        0.0,
        0.0,
        0.0,
        0.0,
        0.0,
        0.0,
        0.0,
        0.0,
        0.0,
        0.0,
        0.0,
        0.0,
        0.0,
        0.0,
        0.0,
        0.0,
        0.0
      ],
      "pvals": [
        5.0,
        1.0,
        5.0,
        1.0,
        0.6884161783081906,
        1.5591940619424234,
        6.0,
        -0.10891734998312885,
        0.7370874278745416,
        0.24041429500984357,
        0.8828499434162285,
        0.4872384776231796,
        -0.4656594199722708,
        -1.1791205051660247,
        1.8120975002868338,
        0.9128836091320984,
        1.1901181895015507,
        2.3611267215792946,
        -0.4995353382198975,
        3.0,
        2.2254832429909985,
        0.4071359974806097,
        3.4071811911840935,
        5.0,
        2.0458849099012015,
        1.221559361592345,
        1.0656991303281687,
        1.1823412035680019
      ],
      "color_speed": 0.0
    }
  ],
  "final_transform": {
    "weight": 0.8621049702546717,
    "color": 0.4971730746032109,
    "affine": {
      "a": 0.09658993680133789,
      "b": 0.6438824900891714,
      "c": 0.09619096958843754,
      "d": 0.08757413130864541,
      "e": -0.0913696936328791,
      "f": -0.7052135999286198
    },
    "post": {
      "a": 1.0,
      "b": 0.0,
      "c": 0.0,
      "d": 0.0,
      "e": 1.0,
      "f": 0.0
    },