{
  "transforms": [
    {
      "weight": 0.21690858846397526,
      "color": 0.933936776506735,
      "affine": {
        "a": -0.17524615100743754,
        "b": -0.37836167932588977,
        "c": 0.12869195053423188,
        "d": -0.2855447278713598,
        "e": 0.2849839920733933,
        "f": 0.6441055601800221
      },
      "post": {
        "a": 1.0,
        "b": 0.0,
        "c": 0.0,
        "d": 0.0,
        "e": 1.0,
        "f": 0.0
      },
      "variations": [
        0.3212753619328951,
        0.0,
        0.0,
        0.0,
        0.0,
        0.0,
        0.0,
        0.0,
        0.0,
        0.0,
        0.0,
        0.0,
        0.0,
        0.0,
        0.0,
        0.0,
        0.0,
        0.0,
        0.0,
        0.0,
        0.0,
        0.0,
        0.0,
        0.0,
        0.7866404725430154,
        0.0,
        0.0,
        0.0,
        0.0
      ],
      "pvals": [
        -3.0,
        1.0,
        -3.0,
        1.0,
        0.7934004338388598,
        1.069991561516483,
        8.0,
        0.5635431938952176,
        -0.5919813837977895,
        -0.5856993166514763,
        -0.3646462910398489,
        0.3676176826565384,
        -0.34318432877696603,
        1.2049671153348518,
        1.342788681929144,
        1.473608952954108
      ]
    },
    {
      "weight": 0.4930101714769388,
      "color": 0.730058586574791,
      "affine": {
        "a": -0.6033718977365427,
        "b": 0.037779709388068065,
        "c": -0.7225410919471729,
        "d": 0.09215178351848792,
        "e": 0.3090568025227171,
        "f": -0.24817459439448686
      },
      "post": {
        "a": 1.0,
        "b": 0.0,
        "c": 0.0,
        "d": 0.0,
        "e": 1.0,
        "f": 0.0
      },
      "variations": [
        0.15847288627345674,
        0.0,
        0.0,
        0.0,
        0.0,
        0.0,
        0.0,
        0.0,
        0.0,
        0.0,
        0.0,
        0.0,
        0.0,
        0.0,
        0.0,
        0.0,
        0.0,
        0.0,
        0.0,
        0.0,
        0.0,
        0.0,
        0.0,
        0.0,
        0.0,
        0.0,
        0.0,
        0.7995900519226287,
        0.0
      ],
      "pvals": [
        3.0,
        1.0,
        -5.0,
        1.0,
        0.6704627669243743,
        1.5465283852078127,
        5.0,
        -0.40129494671678323,
        0.5150604347288745,
        -0.42002732547621546,
        0.2697475726532159,
        0.3680537597707087,
        -1.3415578400207355,
        1.5970766824652634,
        1.6453084729644205,
        1.3357497346658986
      ]
    },
    {
      "weight": 0.5928623381881782,
      "color": 0.9533138473897774,
      "affine": {
        "a": -0.4322094989232906,
        "b": -0.1011661655020468,
        "c": -0.26103266062869324,
        "d": 0.6124609897662154,
        "e": 0.5277418719808737,
        "f": 0.6945321487358036
      },
      "post": {
        "a": 1.0,
        "b": 0.0,
        "c": 0.0,
        "d": 0.0,
        "e": 1.0,
        "f": 0.0
      },
      "variations": [
        0.26281762312763013,
        0.0,
        0.0,
        0.0,
        0.0,
        0.0,
        0.0,
        0.0,
        0.0,
        0.0,
        0.0,
        0.0,
        0.2470046928936162,
        0.0,
        0.0,
        0.0,
        0.0,
        0.0,
        0.0,
        0.0,
        0.0,
        0.0,
        0.9033346918883658,
        0.0,
        0.0,
        0.0,
        0.0,
        0.0,
        0.0
      ],
      "pvals": [
        -4.0,
        1.1716332343415479,
        -5.0,
        1.0,
        0.4298515506603631,
        1.4343886588324513,
        3.0,
        0.3714737058595752,
        0.35523357371073994,
        0.9982435752696026,
        0.04181642152796261,
        0.596280916628127,
        -1.2096902115085062,
        2.009423259604927,
        2.2627844891752797,
        -0.6686868972096882
      ]
    },
    {
      "weight": 0.4342603660430308,
      "color": 0.5783894461508212,
      "affine": {
        "a": -0.4999999999999998,
        "b": -0.8660254037844387,
        "c": 0.0,
        "d": 0.8660254037844387,
        "e": -0.4999999999999998,
        "f": 0.0
      },
      "post": {
        "a": 1.0,
        "b": 0.0,
        "c": 0.0,
        "d": 0.0,
        "e": 1.0,
        "f": 0.0
      },
      "variations": [
        1.0,
        0.0,
        0.0,
        0.0,
        0.0,
        0.0,
        0.0,
        0.0,
        0.0,
        0.0,
        0.0,
        0.0,
        0.0,
        0.0,
        0.0,
        0.0,
        0.0,
        0.0,
        0.0,
        0.0,
        0.0,
        0.0,
        0.0,
        0.0,
        0.0,
        0.0,
        0.0,
        0.0,
        0.0
      ],
      "pvals": [
        -5.0,
        1.0,
        -5.0,
        1.0,
        0.7418460299313765,
        1.4124885056716605,
        7.0,
        0.57872280025134,
        0.4852296918127619,
        0.8682002841622833,
        0.12293187654146265,
        0.9482470190672421,
        1.8284795447761617,
        1.4552381232474665,
        1.133778983799667,
        -0.7433671953723526
      ]
    },
    {
      "weight": 0.4342603660430308,
      "color": 0.32334927224868903,
      "affine": {
        "a": -0.5000000000000004,
        "b": 0.8660254037844385,
        "c": 0.0,
        "d": -0.8660254037844385,
        "e": -0.5000000000000004,
        "f": 0.0
      },
      "post": {
        "a": 1.0,
        "b": 0.0,
        "c": 0.0,
        "d": 0.0,
        "e": 1.0,
        "f": 0.0
      },
      "variations": [
        1.0,
        0.0,
        0.0,
        0.0,
        0.0,
        0.0,
        0.0,
        0.0,
        0.0,
        0.0,
        0.0,
        0.0,
        0.0,
        0.0,
        0.0,
        0.0,
        0.0,
        0.0,
        0.0,
        0.0,
        0.0,
        0.0,
        0.0,
        0.0,
        0.0,
        0.0,
        0.0,
        0.0,
        0.0
      ],
      "pvals": [
        5.0,
        1.0,
        -4.0,
        1.3636545065218697,
        0.7214218157564649,
        1.2681203922621749,
        8.0,
        0.1140608468209574,
        0.06394586142566339,
        0.10726301530814508,
        0.24162266978624736,
        0.6578100576354985,
        -0.04664560969978426,
        1.0616850181133963,
        1.6101911284974735,
        0.23988733830188558
      ]
    }
  ],
  "final_transform": null,
  "palette": {
    "stops": [
      {
        "pos": 0.0,
        "rgb": [
          0.18140355663388041,
          0.07703170677591237,
          0.3420317480191134
        ]
      },
      {
        "pos": 0.14285714285714285,
        "rgb": [
          0.010459394961435331,
          0.12049659576012667,
          0.6302496618427837
        ]
      },
      {
        "pos": 0.2857142857142857,
        "rgb": [
          0.16569106652447219,
          0.36912853944629764,
          0.8337724671394386
        ]
      },
      {
        "pos": 0.42857142857142855,
        "rgb": [
          0.5367178470679138,
          0.6461325981118153,
          0.8078810197752266
        ]
      },
      {
        "pos": 0.5714285714285714,
        "rgb": [
          0.8597133901893509,
          0.7545392467285376,
          0.5709859745044082
        ]
      },
      {
        "pos": 0.7142857142857143,
        "rgb": [
          0.9050049646611968,
          0.6172636722045672,
          0.2915365041416557
        ]
      },
      {
        "pos": 0.8571428571428571,
        "rgb": [
          0.6403870499056172,
          0.33191854073047994,
          0.16824099480914234
        ]
      },
      {
        "pos": 1.0,
        "rgb": [
          0.25402174446529213,
          0.10140447147521725,
          0.2887712951733626
        ]
      }
    ]
  },
  "camera": {
    "center_x": -0.048070828985620095,
    "center_y": 0.07853677199680675,
    "scale": 0.3400945809961549,
    "rotate": 0.0
  },
  "brightness": 1.0,
  "gamma": 4.0,
  "vibrancy": 1.0,