{
  "transforms": [
    {
      "weight": 0.7166469883833451,
      "color": 0.983548527654335,
      "affine": {
        "a": -0.5619288373376827,
        "b": 0.5783219566927866,
        "c": 0.1794754736021822,
        "d": -0.5704593435939291,
        "e": 0.971502810512614,
        "f": -0.5193603447488493
      },
      "post": {
        "a": 1.0,
        "b": 0.0,
        "c": 0.0,
        "d": 0.0,
        "e": 1.0,
        "f": 0.0
      },
      "variations": [
        0.0,
        0.0,
        0.0,
        0.29168647034134215,
        0.0,
        0.0,
        0.0,
        0.0,
        0.0,
        0.0,
        0.0,
        0.0,
        0.0,
        0.0,
        0.8278509539720784,
        0.0,
        0.0,
        0.0,
        0.0,
        0.0,
        0.0,
        0.0
      ]
    },
    {
      "weight": 0.264731592528642,
      "color": 0.4687161241332599,
      "affine": {
        "a": -0.2522422964287967,
        "b": -0.05637597971769348,
        "c": 0.3354951504109731,
        "d": 0.9214469782173376,
        "e": -0.4810559605631748,
        "f": 0.27100120735737376
      },
      "post": {
        "a": 1.0,
        "b": 0.0,
        "c": 0.0,
        "d": 0.0,
        "e": 1.0,
        "f": 0.0
      },
      "variations": [
        0.0,
        0.0,
        0.0,
        0.0,
        0.0,
        0.0,
        0.0,
        0.0,
        0.0,
        0.0,
        0.0,
        0.0,
        0.0,
        0.652228816067135,
        0.0,
        0.0,
        0.8132898783256259,
        0.0,
        0.6856689328252268,
        0.0,
        0.0,
        0.0
      ]
    },
    {
      "weight": 0.6199801687557991,
      "color": 0.7763691389138554,
      "affine": {
        "a": -0.8827593151572237,
        "b": 0.739696570869169,
        "c": -0.5192626806855574,
        "d": -0.15202627163507532,
        "e": -0.16587222294961879,
        "f": -0.8981913062421867
      },
      "post": {
        "a": 1.0,
        "b": 0.0,
        "c": 0.0,
        "d": 0.0,
        "e": 1.0,
        "f": 0.0
      },
      "variations": [
        0.8826706772419604,
        0.0,
        0.0,
        0.20073630508129325,
        0.0,
        0.0,
        0.0,
        0.0,
        0.0,
        0.0,
        0.0,
        0.0,
        0.0,
        0.0,
        0.0,
        0.9354276454900106,
        0.0,
        0.0,
        0.0,
        0.0,
        0.0,
        0.0
      ]
    }
  ],
  "final_transform": null,
  "palette": {
    "stops": [
      {
        "pos": 0.0,
        "rgb": [
          0.23320914925875214,
          0.11299758634994661,
          0.46064486039708286
        ]
      },
      {
        "pos": 1.0,
        "rgb": [
          0.07399050143224284,
          0.9901835557138372,
          0.4153294498801958
        ]
      }
    ]
  },
  "camera": {
    "center_x": 0.0,
    "center_y": 0.0,
    "scale": 0.25,
    "rotate": 0.0
  },
  "brightness": 1.0,
  "gamma": 2.2,
  "vibrancy": 1.0,
  "background": [
    0.0,
    0.0,
    0.0
  ]
}