{
  "transforms": [
    {
      "weight": 0.934415668116906,
      "color": 0.8713317598767438,
      "affine": {
        "a": -0.4680366744227239,
        "b": -0.059860559737648096,
        "c": -0.3438465216949942,
        "d": -0.683168653467116,
        "e": -0.16224311959727328,
        "f": -0.7928801053099763
      },
      "post": {
        "a": 1.0,
        "b": 0.0,
        "c": 0.0,
        "d": 0.0,
        "e": 1.0,
        "f": 0.0
      },
      "variations": [
        0.30402560255982736,
        0.0,
        0.0,
        0.0,
        0.0,
        0.0,
        0.0,
        0.0,
        0.0,
        0.0,
        0.0,
        0.0,
        0.0,
        0.0,
        0.0,
        0.0,
        0.0,
        1.0503803403034417,
        0.0,
        0.0,
        0.0,
        0.0,
        0.0,
        0.0,
        0.0,
        0.0,
        0.0,
        0.0,
        0.0,
        0.0,
        0.0,
        0.0,
        0.0,
        0.0,
        0.0,
        0.0,
        0.0,
        0.0,
        0.0,
        0.0,
        0.0,
        0.0,
        0.0,
        0.0,
        0.0,
        0.0,
        0.0,
        0.0,
        0.0
      ],
      "pvals": [
        -2.0,
        0.9895419523306141,
        -2.0,
        1.0,
        0.3533471636213164,
        1.141109953206596,
        5.0,
        0.644063460590097,
        0.7365264129739428,
        -0.8466374868566107,
        -0.18591193018986507,
        1.1116606414052161,
        -0.4248429159778033,
        2.355678913355713,
        -2.2287986667127417,
        -0.5840826466011151,
        0.5108481943339551,
        2.114943945197087,
        0.2135415966439207,
        5.0,
        2.7343451943406416,
        0.4262832725356994,
        2.0279592721386193,
        4.0,
        2.839661558532195,
        1.7640460524877113,
        0.2584608707263189,
        0.2401298121377345
      ],
      "color_speed": 0.5
    },
    {
      "weight": 0.598897022152199,
      "color": 0.3356983618451457,
      "affine": {
        "a": 0.18377291896477738,
        "b": 0.21794300187035978,
        "c": -0.2768375745516536,
        "d": -0.5560233882611322,
        "e": -0.31616214691759725,
        "f": 0.14704335468387875
      },
      "post": {
        "a": 1.0,
        "b": 0.0,
        "c": 0.0,
        "d": 0.0,
        "e": 1.0,
        "f": 0.0
      },
      "variations": [
        0.3897663906528932,
        0.0,
        0.0,
        0.0,
        0.0,
        0.0,
        0.0,
        0.0,
        0.0,
        0.0,
        0.0,
        0.0,
        0.0,
        0.0,
        0.0,
        0.0,
        0.0,
        0.0,
        0.0,
        0.0,
        0.0,
        0.0,
        0.0,
        0.0,
        0.8657338359120617,
        0.0,
        0.0,
        0.0,
        0.0,
        0.0,
        0.0,
        0.0,
        0.0,
        0.0,
        0.0,
        0.0,
        0.0,
        0.0,
        0.0,
        0.0,
        0.0,
        0.0,
        0.0,
        0.0,
        0.0,
        0.0,
        0.0,
        0.0,
        0.0
      ],
      "pvals": [
        -4.0,
        1.0,
        4.0,
        1.0,
        0.531718980279037,
        1.150801291043853,
        5.0,
        0.4446000507279624,
        0.7759515679555768,
        0.908171410685686,
        -0.27167713327906595,
        0.3225439411947563,
        0.13534216864843085,
        -0.11420600248813129,
        0.7770672266601455,
        2.2012858759446035,
        0.44285664300969907,
        1.7155406870620473,
        0.056880233627028653,
        6.0,
        0.7650786050219391,
        0.4886627961074199,
        3.8074482062520696,
        5.0,
        1.0288202717805823,
        1.3192439492476078,
        0.8397486758554984,
        0.49392900287837843
      ],
      "color_speed": 0.5
    },
    {
      "weight": 0.244641285735967,
      "color": 0.132251390909914,
      "affine": {
        "a": 0.33951853277320587,
        "b": 0.12268086029524783,
        "c": -0.8095979849870962,
        "d": 0.6770421961734835,
        "e": 0.8669194399512937,
        "f": 0.8981963121593437
      },
      "post": {
        "a": 1.0,
        "b": 0.0,
        "c": 0.0,
        "d": 0.0,
        "e": 1.0,
        "f": 0.0
      },
      "variations": [
        0.4341072378581762,
        0.0,
        0.0,
        0.0,
        0.0,
        0.0,
        0.0,
        0.0,
        0.0,
        0.0,
        0.0,
        0.0,
        0.0,
        0.0,
        0.0,
        0.0,
        0.0,
        0.7267810590575964,
        0.0,
        0.0,
        0.0,
        0.0,
        0.0,
        0.0,
        0.0,
        0.0,
        0.0,
        0.0,
        0.0,
        0.0,
        0.0,
        0.0,
        0.0,
        0.28931747399515195,
        0.0,
        0.0,
        0.0,
        0.0,
        0.0,
        0.0,
        0.0,
        0.0,
        0.0,
        0.0,
        0.0,
        0.0,
        0.0,
        0.0,
        0.0
      ],
      "pvals": [
        4.0,
        1.467056587609909,
        -4.0,
        1.4924552259178545,
        0.4047997107846821,
        1.2585228384525644,
        7.0,
        0.6941936391300185,
        0.7272473076770787,
        -0.20717568736296132,
        0.9633497851612385,
        0.6287311367048141,
        -0.8003039089403607,
        0.23362047773054595,
        0.5688188469428535,
        -1.4580675811360981,
        0.8942999003374401,
        2.2347572524508097,
        -0.6592734137106486,
        3.0,
        0.8425710109771294,
        0.6502280805204029,
        2.673176312004221,
        4.0,
        2.67738578821354,
        1.5326510492257488,
        0.8964530321376372,
        0.9312318131613311
      ],
      "color_speed": 0.5
    },
    {
      "weight": 1.777953976005072,
      "color": 0.46058867835642203,
      "affine": {
        "a": -0.4999999999999998,
        "b": -0.8660254037844387,
        "c": 0.0,
        "d": 0.8660254037844387,
        "e": -0.4999999999999998,
        "f": 0.0
      },
      "post": {
        "a": 1.0,
        "b": 0.0,
        "c": 0.0,
        "d": 0.0,
        "e": 1.0,
        "f": 0.0
      },
      "variations": [
        1.0,
        0.0,
        0.0,
        0.0,
        0.0,
        0.0,
        0.0,
        0.0,
        0.0,
        0.0,
        0.0,
        0.0,
        0.0,
        0.0,
        0.0,
        0.0,
        0.0,
        0.0,
        0.0,
        0.0,
        0.0,
        0.0,
        0.0,
        0.0,
        0.0,
        0.0,
        0.0,
        0.0,
        0.0,
        0.0,
        0.0,
        0.0,
        0.0,
        0.0,
        0.0,
        0.0,
        0.0,
        0.0,
        0.0,
        0.0,
        0.0,
        0.0,
        0.0,
        0.0,
        0.0,
        0.0,
        0.0,
        0.0,
        0.0
      ],
      "pvals": [
        4.0,
        1.0,
        2.0,
        1.0,
        0.33765775873227105,
        1.1255979291481544,
        2.0,
        0.7986197107293167,
        0.5699120025413702,
        -0.8314254497267146,
        0.14356390950151332,
        1.0527754734463377,
        0.023481113536227394,
        0.9163147007427552,
        1.7143257059034838,
        -1.2686852905844321,
        0.42227887474301995,
        1.5176416433918836,
        0.5485161014539821,
        8.0,
        -1.2369612387005116,
        0.46258164215289954,
        2.0839364476887696,
        3.0,
        2.902216523147817,
        2.571112807031593,
        0.6792451286817356,
        0.5773777630913148
      ],
      "color_speed": 0.0
    },
    {
      "weight": 1.777953976005072,
      "color": 0.251602572141185,
      "affine": {
        "a": -0.5000000000000004,
        "b": 0.8660254037844385,
        "c": 0.0,
        "d": -0.8660254037844385,
        "e": -0.5000000000000004,
        "f": 0.0
      },
      "post": {
        "a": 1.0,
        "b": 0.0,
        "c": 0.0,
        "d": 0.0,
        "e": 1.0,
        "f": 0.0
      },