{
  "transforms": [
    {
      "weight": 0.8149095779549804,
      "color": 0.6383567368243128,
      "affine": {
        "a": 0.6256816305990976,
        "b": 0.5524497068691301,
        "c": 0.035931185093459606,
        "d": 0.1486163410560807,
        "e": 0.6299849480630271,
        "f": 0.17644461863922611
      },
      "post": {
        "a": 1.0,
        "b": 0.0,
        "c": 0.0,
        "d": 0.0,
        "e": 1.0,
        "f": 0.0
      },
      "variations": [
        0.37791847830833936,
        0.0,
        1.0151250047076041,
        0.0,
        0.0,
        0.0,
        0.0,
        0.0,
        0.0,
        0.0,
        0.0,
        0.0,
        0.0,
        0.0,
        0.0,
        0.0,
        0.0,
        0.0,
        0.0,
        0.0,
        0.0,
        0.0,
        0.0,
        0.0,
        0.0,
        0.0,
        0.0,
        0.0,
        0.0
      ],
      "pvals": [
        -3.0,
        1.0,
        -2.0,
        1.3575373885458648,
        0.41745318221234023,
        1.485657391733405,
        4.0,
        -0.29783669922530487,
        0.2579346041580759,
        -0.687497850454988,
        -0.017557742293366374,
        0.34764709669317306,
        -0.5485646598915035,
        -2.3939977989239707,
        -2.468359127059337,
        2.3107413605982696
      ],
      "color_speed": 0.5
    },
    {
      "weight": 0.5248080701660279,
      "color": 0.24215273182539476,
      "affine": {
        "a": 0.7410524249882682,
        "b": 0.35248652435916,
        "c": 0.18531268688946523,
        "d": -0.41594209215344463,
        "e": 0.5961234620977878,
        "f": -0.6568926358326366
      },
      "post": {
        "a": 1.0,
        "b": 0.0,
        "c": 0.0,
        "d": 0.0,
        "e": 1.0,
        "f": 0.0
      },
      "variations": [
        0.29017631056736637,
        0.0,
        0.0,
        0.0,
        0.0,
        0.0,
        0.0,
        0.0,
        0.0,
        0.0,
        0.0,
        0.0,
        0.0,
        0.0,
        0.0,
        0.0,
        0.0,
        0.0,
        0.0,
        0.0,
        0.0,
        0.0,
        0.0,
        0.6902518782765923,
        0.0,
        0.0,
        0.0,
        0.0,
        0.0
      ],
      "pvals": [
        5.0,
        1.0,
        2.0,
        1.0,
        0.5942149230405659,
        1.4011575014609905,
        3.0,
        0.05654785466806733,
        -0.37621910486774035,
        -0.31049837739829367,
        0.10346780324208193,
        0.9774147588946585,
        1.7985673969648346,
        -0.03473998029724168,
        -0.9776906627297981,
        -1.779058339642764
      ],
      "color_speed": 0.5
    },
    {
      "weight": 0.7305051899734563,
      "color": 0.5166907953739127,
      "affine": {
        "a": 0.5797221085490671,
        "b": 0.5978756472028898,
        "c": -0.3907284654093315,
        "d": -0.5229989296170854,
        "e": -0.5954207775137466,
        "f": 0.9780633901041187
      },
      "post": {
        "a": 1.0,
        "b": 0.0,
        "c": 0.0,
        "d": 0.0,
        "e": 1.0,
        "f": 0.0
      },
      "variations": [
        0.23399851184015455,
        0.0,
        0.0,
        0.0,
        0.0,
        0.0,
        0.0,
        0.0,
        0.0,
        0.0,
        0.0,
        0.0,
        0.0,
        0.0,
        0.0,
        0.0,
        0.0,
        0.0,
        0.0,
        0.0,
        0.0,
        0.0,
        0.6573441396311315,
        0.0,
        0.0,
        0.0,
        0.0,
        0.0,
        0.0
      ],
      "pvals": [
        -3.0,
        1.0,
        -5.0,
        1.0,
        0.7874903878261288,
        1.1965320587530421,
        2.0,
        0.10796512163654925,
        -0.012648032661950581,
        0.22830985220129696,
        -0.8772746653870971,
        0.836822426139862,
        -0.06686320342391294,
        -1.025230117530953,
        -1.3967676085789145,
        -2.0297928794557993
      ],
      "color_speed": 0.5
    },
    {
      "weight": 2.0702228380944643,
      "color": 0.1831528707491482,
      "affine": {
        "a": -1.0,
        "b": 0.0,
        "c": 0.0,
        "d": 0.0,
        "e": 1.0,
        "f": 0.0
      },
      "post": {
        "a": 1.0,
        "b": 0.0,
        "c": 0.0,
        "d": 0.0,
        "e": 1.0,
        "f": 0.0
      },
      "variations": [
        1.0,
        0.0,
        0.0,
        0.0,
        0.0,
        0.0,
        0.0,
        0.0,
        0.0,
        0.0,
        0.0,
        0.0,
        0.0,
        0.0,
        0.0,
        0.0,
        0.0,
        0.0,
        0.0,
        0.0,
        0.0,
        0.0,
        0.0,
        0.0,
        0.0,
        0.0,
        0.0,
        0.0,
        0.0
      ],
      "pvals": [
        5.0,
        1.0,
        4.0,
        1.0,
        0.3627664397242365,
        1.1987953616378493,
        3.0,
        -0.7097355417810729,
        -0.2802733958553366,
        0.6051420348581864,
        -0.16605177558300266,
        1.0429381989657467,
        -0.23652273297961024,
        1.098796805635894,
        -0.7092730058310404,
        0.03179203312899048
      ],
      "color_speed": 0.0
    }
  ],
  "final_transform": null,
  "palette": {
    "stops": [
      {
        "pos": 0.0,
        "rgb": [
          0.8042139050333578,
          0.7651011902131013,
          0.27123826546616175
        ]
      },
      {
        "pos": 0.14285714285714285,
        "rgb": [
          0.6685412312206847,
          0.8451081240871912,
          0.13220122621069852
        ]
      },
      {
        "pos": 0.2857142857142857,
        "rgb": [
          0.5072541369821755,
          0.7486471903327299,
          0.12175220005538401
        ]
      },
      {
        "pos": 0.42857142857142855,
        "rgb": [
          0.3788876926411114,
          0.5107264444139504,
          0.24368339668505934
        ]
      },
      {
        "pos": 0.5714285714285714,
        "rgb": [
          0.33002925152622353,
          0.21769320171573225,
          0.4537429731173877
        ]
      },
      {
        "pos": 0.7142857142857143,
        "rgb": [
          0.378410748731566,
          0.0,
          0.6756951205506923
        ]
      },
      {
        "pos": 0.8571428571428571,
        "rgb": [
          0.5064733438884705,
          0.0,
          0.8289879224181123
        ]
      },
      {
        "pos": 1.0,
        "rgb": [
          0.6677399580422744,
          0.0,
          0.8579876345584871
        ]
      }
    ]
  },
  "camera": {
    "center_x": -0.023617860327940554,
    "center_y": 0.27258349739224785,
    "scale": 0.19590951853246083,
    "rotate": 0.0
  },
  "brightness": 1.0,
  "gamma": 4.0,
  "vibrancy": 1.0,
  "background": [
    0.0,
    0.0,
    0.0
  ]
}