{
  "transforms": [
    {
      "weight": 0.8149095779549804,
      "color": 0.6383567368243128,
      "affine": {
        "a": 0.6256816305990976,
        "b": 0.5524497068691301,
        "c": 0.035931185093459606,
        "d": 0.1486163410560807,
        "e": 0.6299849480630271,
        "f": 0.17644461863922611
      },
      "post": {
        "a": 1.0,
        "b": 0.0,
        "c": 0.0,
        "d": 0.0,
        "e": 1.0,
        "f": 0.0
      },
      "variations": [
        0.37791847830833936,
        0.0,
        0.0,
        0.0,
        0.0,
        0.0,
        0.0,
        0.0,
        0.0,
        0.0,
        0.0,
        0.0,
        0.0,
        0.0,
        0.0,
        0.0,
        0.0,
        0.0,
        0.0,
        0.0,
        0.0,
        0.0,
        1.0151250047076041,
        0.0,
        0.0,
        0.0,
        0.0,
        0.0,
        0.0,
        0.0,
        0.0,
        0.0,
        0.0,
        0.0,
        0.0,
        0.0,
        0.0,
        0.0,
        0.0,
        0.0,
        0.0,
        0.0,
        0.0,
        0.0,
        0.0,
        0.0,
        0.0,
        0.0,
        0.0
      ],
      "pvals": [
        -3.0,
        1.0,
        -2.0,
        1.3575373885458648,
        0.41745318221234023,
        1.485657391733405,
        4.0,
        -0.29783669922530487,
        0.2579346041580759,
        -0.687497850454988,
        -0.017557742293366374,
        0.34764709669317306,
        -0.5485646598915035,
        -2.3939977989239707,
        -2.468359127059337,
        2.3107413605982696,
        0.6465876366112646,
        1.3610075131063692,
        0.08672177467066522,
        8.0,
        2.947083090635032,
        0.733862011993828,
        3.277969030334198,
        5.0,
        2.7546225696449342,
        1.3431073641673634,
        0.7999060195028243,
        0.606010087707535
      ],
      "color_speed": 0.5,
      "xaos": [
        1.0,
        1.0,
        2.610754471371374
      ]
    },
    {
      "weight": 0.41189044756612986,
      "color": 0.34475081130085317,
      "affine": {
        "a": -0.2512704803641561,
        "b": -0.7049830389717214,
        "c": 0.15125874831313202,
        "d": 0.1351450281639554,
        "e": 0.3300143834339824,
        "f": -0.5047982366999302
      },
      "post": {
        "a": 1.0,
        "b": 0.0,
        "c": 0.0,
        "d": 0.0,
        "e": 1.0,
        "f": 0.0
      },
      "variations": [
        0.13683589862140919,
        0.0,
        0.0,
        0.0,
        0.0,
        0.0,
        0.0,
        0.0,
        0.0,
        0.0,
        0.0,
        0.0,
        0.0,
        0.0,
        0.0,
        0.0,
        0.0,
        0.0,
        0.0,
        0.0,
        0.0,
        0.0,
        0.7520577147594912,
        0.0,
        0.0,
        0.0,
        0.0,
        0.0,
        0.0,
        0.0,
        0.0,
        0.0,
        0.0,
        0.0,
        0.0,
        0.0,
        0.0,
        0.0,
        0.0,
        0.0,
        0.0,
        0.0,
        0.0,
        0.0,
        0.0,
        0.0,
        0.0,
        0.0,
        0.0
      ],
      "pvals": [
        -5.0,
        1.2395780059108277,
        3.0,
        1.0,
        0.35734413963113143,
        1.1679970236803092,
        8.0,
        0.701165787398178,
        0.7231222386643339,
        -0.3907284654093315,
        -0.7906998691389608,
        0.34491387670076995,
        2.445158475260297,
        -1.1070251648294605,
        0.8156574373341021,
        0.08345397686956346,
        1.0768319071683732,
        2.5591556874830905,
        -0.8243242030923144,
        3.0,
        1.642551437899801,
        0.43587465349976906,
        4.4249423269567725,
        4.0,
        1.5749563483129574,
        2.1349564020456864,
        0.692094979586281,
        0.8141549261006484
      ],
      "color_speed": 0.5,
      "xaos": [
        1.0,
        1.0,
        1.0
      ]
    },
    {
      "weight": 0.5234023526742775,
      "color": 0.36150046201665764,
      "affine": {
        "a": -0.6495739053571902,
        "b": -0.4567395934599179,
        "c": -0.6336942585017036,
        "d": -0.19918352991477745,
        "e": 0.39053925075027174,
        "f": 0.21118483499182128
      },
      "post": {
        "a": 1.0,
        "b": 0.0,
        "c": 0.0,
        "d": 0.0,
        "e": 1.0,
        "f": 0.0
      },
      "variations": [
        0.27031957576032606,
        0.0,
        0.0,
        0.0,
        0.0,
        0.0,
        0.0,
        0.0,
        0.0,
        0.0,
        0.0,
        0.0,
        0.0,
        0.0,
        0.0,
        0.0,
        0.0,
        0.0,
        0.0,
        0.0,
        0.0,
        0.07351035602721002,
        0.8982346811888123,
        0.0,
        0.0,
        0.0,
        0.0,
        0.0,
        0.0,
        0.0,
        0.0,
        0.0,
        0.0,
        0.0,
        0.0,
        0.0,
        0.0,
        0.0,
        0.0,
        0.0,
        0.0,
        0.0,
        0.0,
        0.0,
        0.0,
        0.0,
        0.0,
        0.0,
        0.0
      ],
      "pvals": [
        5.0,
        0.5846229295802442,
        4.0,
        1.0,
        0.7127434438698592,
        1.2168868173828546,
        7.0,
        -0.22696736186593292,
        0.010173450601276945,
        -0.13216065825388812,
        0.9837075926098762,
        0.3319315812374548,
        0.230233483145577,
        -2.1413096171278734,
        2.2289820731950556,
        0.048905725112477594,
        0.3124035159834754,
        1.220366236338851,
        0.814587507244233,
        6.0,
        2.2309402245636827,
        0.8805243725262253,
        3.4462805857738004,
        5.0,
        1.1113229380667557,
        1.537800164465713,
        0.5420074373769339,
        0.6755509234438353
      ],
      "color_speed": 0.5,
      "xaos": [
        1.0,
        1.0,
        1.0
      ]
    }
  ],
  "final_transform": null,
  "palette": {
    "stops": [
      {
        "pos": 0.0,
        "rgb": [
          0.4392156862745098,
          0.14901960784313725,
          0.6588235294117647
        ]
      },
      {
        "pos": 0.06666666666666667,
        "rgb": [
          0.21176470588235294,
          0.2235294117647059,
          0.32941176470588235
        ]
      },
      {
        "pos": 0.13333333333333333,
        "rgb": [
          0.0,
          0.06666666666666667,
          0.6196078431372549
        ]
      },
      {
        "pos": 0.2,
        "rgb": [
          0.10588235294117647,
          0.011764705882352941,
          0.17647058823529413
        ]
      },
      {
        "pos": 0.26666666666666666,
        "rgb": [
          0.0196078431372549,
          0.1607843137254902,
          0.35294117647058826
        ]
      },
      {
        "pos": 0.3333333333333333,
        "rgb": [
          0.0,
          0.08627450980392157,
          0.09019607843137255
        ]
      },
      {
        "pos": 0.4,
        "rgb": [
          0.11372549019607843,
          0.15294117647058825,
          0.5294117647058824
        ]
      },
      {
        "pos": 0.4666666666666667,
        "rgb": [
          0.1843137254901961,
          0.12156862745098039,
          0.33725490196078434
        ]
      },
      {
        "pos": 0.5333333333333333,
        "rgb": [
          0.33725490196078434,
          0.0,
          0.4470588235294118
        ]
      },
      {
        "pos": 0.6,
        "rgb": [
          0.6627450980392157,
          0.043137254901960784,
          0.7019607843137254
        ]
      },
      {
        "pos": 0.6666666666666666,
        "rgb": [
          0.3686274509803922,
          0.19215686274509805,
          0.6784313725490196
        ]
      },
      {
        "pos": 0.7333333333333333,
        "rgb": [
          0.36470588235294116,
          0.00784313725490196,
          0.9058823529411765
        ]
      },
      {
        "pos": 0.8,